преобр_зить;а,о,ё,я;3.7.2 Правописание гласных и согласных в корне
экз_менатор;а,о,ё,я;3.7.2 Правописание гласных и согласных в корне
изб_ратель;и,ы,е;3.7.2 Правописание гласных и согласных в корне
мат_риал;е,и,ы;3.7.2 Правописание гласных и согласных в корне
ухв_титься;а,о,ё,я;3.7.2 Правописание гласных и согласных в корне
г_ревать;о,а,ё,ы;3.7.2 Правописание гласных и согласных в корне
препод_ватель;а,о,ё,я;3.7.2 Правописание гласных и согласных в корне
сбал_нсированный;а,о,ё,я;3.7.2 Правописание гласных и согласных в корне
абон_мент;е,и,ы;3.7.2 Правописание гласных и согласных в корне
мех_нический;а,о,ё,я;3.7.2 Правописание гласных и согласных в корне
просл_влять;а,о,ё,я;3.7.2 Правописание гласных и согласных в корне
воссоед_нение;и,ы,е;3.7.2 Правописание гласных и согласных в корне
ди_лог;а,о,ё,я;3.7.2 Правописание гласных и согласных в корне
зам_чание;е,и,ы;3.7.2 Правописание гласных и согласных в корне
выск_чить;о,а,ё,ы;3.7.2 Правописание гласных и согласных в корне
г_рделивый;о,а,ё,ы;3.7.2 Правописание гласных и согласных в корне
интелл_ктуальный;е,и,ы;3.7.2 Правописание гласных и согласных в корне
благосл_вить;о,а,ё,ы;3.7.2 Правописание гласных и согласных в корне
обог_щение;а,о,ё,я;3.7.2 Правописание гласных и согласных в корне
отн_шение;о,а,ё,ы;3.7.2 Правописание гласных и согласных в корне
в_ртуозный;и,ы,е;3.7.2 Правописание гласных и согласных в корне
г_сударственный;о,а,ё,ы;3.7.2 Правописание гласных и согласных в корне
л_петать;е,и,ы;3.7.2 Правописание гласных и согласных в корне
з_рнистый;е,и,ы;3.7.2 Правописание гласных и согласных в корне
незн_комец;а,о,ё,я;3.7.2 Правописание гласных и согласных в корне
асф_льтированный;а,о,ё,я;3.7.2 Правописание гласных и согласных в корне
др_мота;е,и,ы;3.7.2 Правописание гласных и согласных в корне
оч_ртить;е,и,ы;3.7.2 Правописание гласных и согласных в корне
дезор_ентировать;и,ы,е;3.7.2 Правописание гласных и согласных в корне
отр_хнуть;я,е,а,о;3.7.2 Правописание гласных и согласных в корне
упр_стить;о,а,ё,ы;3.7.2 Правописание гласных и согласных в корне
бл_стящий;е,и,ы;3.7.2 Правописание гласных и согласных в корне
вел_чайший;и,ы,е;3.7.2 Правописание гласных и согласных в корне
осл_плённый;е,и,ы;3.7.2 Правописание гласных и согласных в корне
укр_щать;о,а,ё,ы;3.7.2 Правописание гласных и согласных в корне
тр_нажёр;е,и,ы;3.7.2 Правописание гласных и согласных в корне
ул_тучиться;е,и,ы;3.7.2 Правописание гласных и согласных в корне
прик_снуться;о,а,ё,ы;3.7.2 Правописание гласных и согласных в корне
ц_клон;и,ы,е;3.7.2 Правописание гласных и согласных в корне
ед_номышленник;и,ы,е;3.7.2 Правописание гласных и согласных в корне
п_стух;а,о,ё,я;3.7.2 Правописание гласных и согласных в корне
ан_лизировать;а,о,ё,я;3.7.2 Правописание гласных и согласных в корне
интелл_гентный;и,ы,е;3.7.2 Правописание гласных и согласных в корне
щ_бетать;е,и,ы;3.7.2 Правописание гласных и согласных в корне
рекл_мировать;а,о,ё,я;3.7.2 Правописание гласных и согласных в корне
покл_ниться;о,а,ё,ы;3.7.2 Правописание гласных и согласных в корне
эфф_ктивный;е,и,ы;3.7.2 Правописание гласных и согласных в корне
выг_реть;о,а,ё,ы;3.7.2 Правописание гласных и согласных в корне
ф_рмализм;о,а,ё,ы;3.7.2 Правописание гласных и согласных в корне
к_согор;о,а,ё,ы;3.7.2 Правописание гласных и согласных в корне
осч_стливить;а,о,ё,я;3.7.2 Правописание гласных и согласных в корне
загром_здить;о,а,ё,ы;3.7.2 Правописание гласных и согласных в корне
разув_рять;е,и,ы;3.7.2 Правописание гласных и согласных в корне
энц_клопедия;и,ы,е;3.7.2 Правописание гласных и согласных в корне
насл_ждение;а,о,ё,я;3.7.2 Правописание гласных и согласных в корне
словосоч_тание;е,и,ы;3.7.2 Правописание гласных и согласных в корне
л_гичность;о,а,ё,ы;3.7.2 Правописание гласных и согласных в корне
пок_ление;о,а,ё,ы;3.7.2 Правописание гласных и согласных в корне
т_снота;е,и,ы;3.7.2 Правописание гласных и согласных в корне
к_снуться;о,а,ё,ы;3.7.2 Правописание гласных и согласных в корне
прил_жить;о,а,ё,ы;3.7.2 Правописание гласных и согласных в корне
оранж_рея;е,и,ы;3.7.2 Правописание гласных и согласных в корне
лег_ндарный;е,и,ы;3.7.2 Правописание гласных и согласных в корне
р_месло;е,и,ы;3.7.2 Правописание гласных и согласных в корне
г_ризонт;о,а,ё,ы;3.7.2 Правописание гласных и согласных в корне
выв_дение;е,и,ы;3.7.2 Правописание гласных и согласных в корне
пол_гать;е,и,ы;3.7.2 Правописание гласных и согласных в корне
подск_чить;о,а,ё,ы;3.7.2 Правописание гласных и согласных в корне
сг_рать;о,а,ё,ы;3.7.2 Правописание гласных и согласных в корне
энциклоп_дист;е,и,ы;3.7.2 Правописание гласных и согласных в корне
прогр_ммировать;а,о,ё,я;3.7.2 Правописание гласных и согласных в корне
ув_ковечить;е,и,ы;3.7.2 Правописание гласных и согласных в корне
апл_дисменты;о,а,ё,ы;3.7.2 Правописание гласных и согласных в корне
экон_мический;о,а,ё,ы;3.7.2 Правописание гласных и согласных в корне
заж_гать;и,ы,е;3.7.2 Правописание гласных и согласных в корне
те_ретический;о,а,ё,ы;3.7.2 Правописание гласных и согласных в корне
адр_совать;е,и,ы;3.7.2 Правописание гласных и согласных в корне
оч_щение;и,ы,е;3.7.2 Правописание гласных и согласных в корне
ол_цетворение;и,ы,е;3.7.2 Правописание гласных и согласных в корне
аукц_он;и,ы,е;3.7.2 Правописание гласных и согласных в корне
сокр_щать;а,о,ё,я;3.7.2 Правописание гласных и согласных в корне
предл_жение;о,а,ё,ы;3.7.2 Правописание гласных и согласных в корне
изд_лека;а,о,ё,я;3.7.2 Правописание гласных и согласных в корне
сн_мать;и,ы,е;3.7.2 Правописание гласных и согласных в корне
з_рница;а,о,ё,я;3.7.2 Правописание гласных и согласных в корне
прик_сновение;о,а,ё,ы;3.7.2 Правописание гласных и согласных в корне
взб_дриться;о,а,ё,ы;3.7.2 Правописание гласных и согласных в корне
эл_ктроника;е,и,ы;3.7.2 Правописание гласных и согласных в корне
погл_щать;о,а,ё,ы;3.7.2 Правописание гласных и согласных в корне
эст_тический;е,и,ы;3.7.2 Правописание гласных и согласных в корне
уб_диться;е,и,ы;3.7.2 Правописание гласных и согласных в корне
изл_гать;а,о,ё,я;3.7.2 Правописание гласных и согласных в корне
ст_листический;и,ы,е;3.7.2 Правописание гласных и согласных в корне
м_стерство;а,о,ё,я;3.7.2 Правописание гласных и согласных в корне
дек_рация;о,а,ё,ы;3.7.2 Правописание гласных и согласных в корне
бар_льеф;е,и,ы;3.7.2 Правописание гласных и согласных в корне
р_скошный;о,а,ё,ы;3.7.2 Правописание гласных и согласных в корне
соч_тание;е,и,ы;3.7.2 Правописание гласных и согласных в корне
с_мпатия;и,ы,е;3.7.2 Правописание гласных и согласных в корне
обозн_чение;а,о,ё,я;3.7.2 Правописание гласных и согласных в корне
пл_сать;я,е,а,о;3.7.2 Правописание гласных и согласных в корне
в_рошить;о,а,ё,ы;3.7.2 Правописание гласных и согласных в корне
ст_мулировать;и,ы,е;3.7.2 Правописание гласных и согласных в корне
обр_мление;а,о,ё,я;3.7.2 Правописание гласных и согласных в корне
спл_титься;о,а,ё,ы;3.7.2 Правописание гласных и согласных в корне
упр_вляющий;а,о,ё,я;3.7.2 Правописание гласных и согласных в корне
оч_стительный;и,ы,е;3.7.2 Правописание гласных и согласных в корне
бесп_лезный;о,а,ё,ы;3.7.2 Правописание гласных и согласных в корне
ц_нтральный;е,и,ы;3.7.2 Правописание гласных и согласных в корне
выч_сление;и,ы,е;3.7.2 Правописание гласных и согласных в корне
разг_вор;о,а,ё,ы;3.7.2 Правописание гласных и согласных в корне
зам_рев;е,и,ы;3.7.2 Правописание гласных и согласных в корне
упл_тнитель;о,а,ё,ы;3.7.2 Правописание гласных и согласных в корне
усл_жнённый;о,а,ё,ы;3.7.2 Правописание гласных и согласных в корне
ок_лдовать;о,а,ё,ы;3.7.2 Правописание гласных и согласных в корне
ц_ганский;ы,и;3.7.2 Правописание гласных и согласных в корне
прис_гать;я,е,а,о;3.7.2 Правописание гласных и согласных в корне
опл_тить;а,о,ё,я;3.7.2 Правописание гласных и согласных в корне
бл_стяще;е,и,ы;3.7.2 Правописание гласных и согласных в корне
оп_раться;и,ы,е;3.7.2 Правописание гласных и согласных в корне
предъ_вить;я,е,а,о;3.7.2 Правописание гласных и согласных в корне
аф_ристичный;о,а,ё,ы;3.7.2 Правописание гласных и согласных в корне
в_лосипед;е,и,ы;3.7.2 Правописание гласных и согласных в корне
возр_стной;а,о,ё,я;3.7.2 Правописание гласных и согласных в корне
экспер_мент;и,ы,е;3.7.2 Правописание гласных и согласных в корне
иск_са;о,а,ё,ы;3.7.2 Правописание гласных и согласных в корне
непром_каемый;о,а,ё,ы;3.7.2 Правописание гласных и согласных в корне
бл_стательный;и,ы,е;3.7.2 Правописание гласных и согласных в корне
подл_котник;о,а,ё,ы;3.7.2 Правописание гласных и согласных в корне
предпол_гать;а,о,ё,я;3.7.2 Правописание гласных и согласных в корне
гиги_нический;е,и,ы;3.7.2 Правописание гласных и согласных в корне
неосп_римый;о,а,ё,ы;3.7.2 Правописание гласных и согласных в корне
ди_пазон;а,о,ё,я;3.7.2 Правописание гласных и согласных в корне
заг_релый;о,а,ё,ы;3.7.2 Правописание гласных и согласных в корне
сомн_ваться;е,и,ы;3.7.2 Правописание гласных и согласных в корне
перем_ститься;е,и,ы;3.7.2 Правописание гласных и согласных в корне
в_теран;е,и,ы;3.7.2 Правописание гласных и согласных в корне
р_сток;о,а,ё,ы;3.7.2 Правописание гласных и согласных в корне
удл_нить;и,ы,е;3.7.2 Правописание гласных и согласных в корне
преобр_зовать;а,о,ё,я;3.7.2 Правописание гласных и согласных в корне
п_лисадник;а,о,ё,я;3.7.2 Правописание гласных и согласных в корне
р_форма;е,и,ы;3.7.2 Правописание гласных и согласных в корне
т_рминология;е,и,ы;3.7.2 Правописание гласных и согласных в корне
д_лёкий;а,о,ё,я;3.7.2 Правописание гласных и согласных в корне
гиг_енический;и,ы,е;3.7.2 Правописание гласных и согласных в корне
оц_нить;е,и,ы;3.7.2 Правописание гласных и согласных в корне
уст_ревший;а,о,ё,я;3.7.2 Правописание гласных и согласных в корне
рит_рический;о,а,ё,ы;3.7.2 Правописание гласных и согласных в корне
зак_зать;а,о,ё,я;3.7.2 Правописание гласных и согласных в корне
антин_учный;а,о,ё,я;3.7.2 Правописание гласных и согласных в корне
ц_линдр;и,ы,е;3.7.2 Правописание гласных и согласных в корне
осв_жительный;е,и,ы;3.7.2 Правописание гласных и согласных в корне
напр_вление;а,о,ё,я;3.7.2 Правописание гласных и согласных в корне
ж_стикулировать;е,и,ы;3.7.2 Правописание гласных и согласных в корне
л_бединый;е,и,ы;3.7.2 Правописание гласных и согласных в корне
обог_тить;а,о,ё,я;3.7.2 Правописание гласных и согласных в корне
аб_туриент;и,ы,е;3.7.2 Правописание гласных и согласных в корне
тв_рец;о,а,ё,ы;3.7.2 Правописание гласных и согласных в корне
неисс_каемый;я,е,а,о;3.7.2 Правописание гласных и согласных в корне
исп_лнение;о,а,ё,ы;3.7.2 Правописание гласных и согласных в корне
симп_тичный;а,о,ё,я;3.7.2 Правописание гласных и согласных в корне
зерк_ло;а,о,ё,я;3.7.2 Правописание гласных и согласных в корне
зан_маться;и,ы,е;3.7.2 Правописание гласных и согласных в корне
уб_дить;е,и,ы;3.7.2 Правописание гласных и согласных в корне
выт_рать;и,ы,е;3.7.2 Правописание гласных и согласных в корне
т_атральный;е,и,ы;3.7.2 Правописание гласных и согласных в корне
перекл_каться;и,ы,е;3.7.2 Правописание гласных и согласных в корне
оп_реться;е,и,ы;3.7.2 Правописание гласных и согласных в корне
тр_стник;о,а,ё,ы;3.7.2 Правописание гласных и согласных в корне
застр_ховаться;а,о,ё,я;3.7.2 Правописание гласных и согласных в корне
заж_гательный;и,ы,е;3.7.2 Правописание гласных и согласных в корне
сотв_рить;о,а,ё,ы;3.7.2 Правописание гласных и согласных в корне
кр_тиковать;и,ы,е;3.7.2 Правописание гласных и согласных в корне
землетр_сение;я,е,а,о;3.7.2 Правописание гласных и согласных в корне
хр_никальный;о,а,ё,ы;3.7.2 Правописание гласных и согласных в корне
ч_стоплотный;и,ы,е;3.7.2 Правописание гласных и согласных в корне
вд_леке;а,о,ё,я;3.7.2 Правописание гласных и согласных в корне
прив_заться;я,е,а,о;3.7.2 Правописание гласных и согласных в корне
подр_жание;а,о,ё,я;3.7.2 Правописание гласных и согласных в корне
взап_рти;е,и,ы;3.7.2 Правописание гласных и согласных в корне
д_станционный;и,ы,е;3.7.2 Правописание гласных и согласных в корне
парад_ксальный;о,а,ё,ы;3.7.2 Правописание гласных и согласных в корне
сат_рический;и,ы,е;3.7.2 Правописание гласных и согласных в корне
упр_щённый;о,а,ё,ы;3.7.2 Правописание гласных и согласных в корне
ч_твёртый;е,и,ы;3.7.2 Правописание гласных и согласных в корне
акад_мический;е,и,ы;3.7.2 Правописание гласных и согласных в корне
увл_каться;е,и,ы;3.7.2 Правописание гласных и согласных в корне
задр_жать;о,а,ё,ы;3.7.2 Правописание гласных и согласных в корне
гориз_нтальный;о,а,ё,ы;3.7.2 Правописание гласных и согласных в корне
бюлл_тень;е,и,ы;3.7.2 Правописание гласных и согласных в корне
исст_ри;а,о,ё,я;3.7.2 Правописание гласных и согласных в корне
ш_лестеть;е,и,ы;3.7.2 Правописание гласных и согласных в корне
пром_хнуться;а,о,ё,я;3.7.2 Правописание гласных и согласных в корне
оз_рение;а,о,ё,я;3.7.2 Правописание гласных и согласных в корне
изм_нение;е,и,ы;3.7.2 Правописание гласных и согласных в корне
поб_дитель;е,и,ы;3.7.2 Правописание гласных и согласных в корне
осн_вной;о,а,ё,ы;3.7.2 Правописание гласных и согласных в корне
объед_нение;и,ы,е;3.7.2 Правописание гласных и согласных в корне
предпол_жительно;о,а,ё,ы;3.7.2 Правописание гласных и согласных в корне
с_стематизировать;и,ы,е;3.7.2 Правописание гласных и согласных в корне
исп_лнитель;о,а,ё,ы;3.7.2 Правописание гласных и согласных в корне
осн_щение;а,о,ё,я;3.7.2 Правописание гласных и согласных в корне
мот_вировать;и,ы,е;3.7.2 Правописание гласных и согласных в корне
восп_тать;и,ы,е;3.7.2 Правописание гласных и согласных в корне
взгл_нуть;я,е,а,о;3.7.2 Правописание гласных и согласных в корне
пон_мание;и,ы,е;3.7.2 Правописание гласных и согласных в корне
др_знить;а,о,ё,я;3.7.2 Правописание гласных и согласных в корне
к_мпаньон;о,а,ё,ы;3.7.2 Правописание гласных и согласных в корне
зам_чательный;е,и,ы;3.7.2 Правописание гласных и согласных в корне
увл_кательный;е,и,ы;3.7.2 Правописание гласных и согласных в корне
св_товство;а,о,ё,я;3.7.2 Правописание гласных и согласных в корне
в_рсистый;о,а,ё,ы;3.7.2 Правописание гласных и согласных в корне
тор_пливый;о,а,ё,ы;3.7.2 Правописание гласных и согласных в корне
п_тнистый;я,е,а,о;3.7.2 Правописание гласных и согласных в корне
ст_пендия;и,ы,е;3.7.2 Правописание гласных и согласных в корне
просв_щение;е,и,ы;3.7.2 Правописание гласных и согласных в корне
уд_вительно;и,ы,е;3.7.2 Правописание гласных и согласных в корне
ист_на;и,ы,е;3.7.2 Правописание гласных и согласных в корне
окам_неть;е,и,ы;3.7.2 Правописание гласных и согласных в корне
пр_стиж;е,и,ы;3.7.2 Правописание гласных и согласных в корне
возр_стать;а,о,ё,я;3.7.2 Правописание гласных и согласных в корне
об_зательно;я,е,а,о;3.7.2 Правописание гласных и согласных в корне
целл_фановый;о,а,ё,ы;3.7.2 Правописание гласных и согласных в корне
г_роизм;е,и,ы;3.7.2 Правописание гласных и согласных в корне
скр_пучий;и,ы,е;3.7.2 Правописание гласных и согласных в корне
р_стительность;а,о,ё,я;3.7.2 Правописание гласных и согласных в корне
б_снописец;а,о,ё,я;3.7.2 Правописание гласных и согласных в корне
обог_титься;а,о,ё,я;3.7.2 Правописание гласных и согласных в корне
п_мощник;о,а,ё,ы;3.7.2 Правописание гласных и согласных в корне
кр_дит;е,и,ы;3.7.2 Правописание гласных и согласных в корне
с_рень;и,ы,е;3.7.2 Правописание гласных и согласных в корне
вн_запно;е,и,ы;3.7.2 Правописание гласных и согласных в корне
осн_стить;а,о,ё,я;3.7.2 Правописание гласных и согласных в корне
выр_сти;а,о,ё,я;3.7.2 Правописание гласных и согласных в корне
тр_нироваться;е,и,ы;3.7.2 Правописание гласных и согласных в корне
оз_ряться;а,о,ё,я;3.7.2 Правописание гласных и согласных в корне
сбер_гать;е,и,ы;3.7.2 Правописание гласных и согласных в корне
пл_нительный;е,и,ы;3.7.2 Правописание гласных и согласных в корне
увл_чение;е,и,ы;3.7.2 Правописание гласных и согласных в корне
раз_бщённый;о,а,ё,ы;3.7.2 Правописание гласных и согласных в корне
эк_логический;о,а,ё,ы;3.7.2 Правописание гласных и согласных в корне
нач_нающий;и,ы,е;3.7.2 Правописание гласных и согласных в корне
анн_тация;о,а,ё,ы;3.7.2 Правописание гласных и согласных в корне
вост_ргаться;о,а,ё,ы;3.7.2 Правописание гласных и согласных в корне
сж_гать;и,ы,е;3.7.2 Правописание гласных и согласных в корне
подр_сти;а,о,ё,я;3.7.2 Правописание гласных и согласных в корне
ун_жение;и,ы,е;3.7.2 Правописание гласных и согласных в корне
р_мантизм;о,а,ё,ы;3.7.2 Правописание гласных и согласных в корне
д_рижёр;и,ы,е;3.7.2 Правописание гласных и согласных в корне
конс_рвировать;е,и,ы;3.7.2 Правописание гласных и согласных в корне
тр_фарет;а,о,ё,я;3.7.2 Правописание гласных и согласных в корне
отт_ргать;о,а,ё,ы;3.7.2 Правописание гласных и согласных в корне
зап_тевать;о,а,ё,ы;3.7.2 Правописание гласных и согласных в корне
непост_жимый;и,ы,е;3.7.2 Правописание гласных и согласных в корне
про_вляющийся;я,е,а,о;3.7.2 Правописание гласных и согласных в корне
пот_рять;е,и,ы;3.7.2 Правописание гласных и согласных в корне
н_велла;о,а,ё,ы;3.7.2 Правописание гласных и согласных в корне
разр_статься;а,о,ё,я;3.7.2 Правописание гласных и согласных в корне
эл_мент;е,и,ы;3.7.2 Правописание гласных и согласных в корне
обог_щать;а,о,ё,я;3.7.2 Правописание гласных и согласных в корне
растр_пать;е,и,ы;3.7.2 Правописание гласных и согласных в корне
раст_рать;и,ы,е;3.7.2 Правописание гласных и согласных в корне
заг_дать;а,о,ё,я;3.7.2 Правописание гласных и согласных в корне
предст_вительный;а,о,ё,я;3.7.2 Правописание гласных и согласных в корне
хл_потать;о,а,ё,ы;3.7.2 Правописание гласных и согласных в корне
эв_люция;о,а,ё,ы;3.7.2 Правописание гласных и согласных в корне
доп_лнительный;о,а,ё,ы;3.7.2 Правописание гласных и согласных в корне
од_чать;и,ы,е;3.7.2 Правописание гласных и согласных в корне
г_сударство;о,а,ё,ы;3.7.2 Правописание гласных и согласных в корне
в_ликолепный;е,и,ы;3.7.2 Правописание гласных и согласных в корне
пож_леть;а,о,ё,я;3.7.2 Правописание гласных и согласных в корне
сист_матизировать;е,и,ы;3.7.2 Правописание гласных и согласных в корне
кр_стьянин;е,и,ы;3.7.2 Правописание гласных и согласных в корне
к_медия;о,а,ё,ы;3.7.2 Правописание гласных и согласных в корне
пров_нциальный;и,ы,е;3.7.2 Правописание гласных и согласных в корне
симв_лизировать;о,а,ё,ы;3.7.2 Правописание гласных и согласных в корне
т_лант;а,о,ё,я;3.7.2 Правописание гласных и согласных в корне
оч_ровать;а,о,ё,я;3.7.2 Правописание гласных и согласных в корне
распол_гающийся;а,о,ё,я;3.7.2 Правописание гласных и согласных в корне
заг_реться;о,а,ё,ы;3.7.2 Правописание гласных и согласных в корне
выл_вать;и,ы,е;3.7.2 Правописание гласных и согласных в корне
губ_рнатор;е,и,ы;3.7.2 Правописание гласных и согласных в корне
выч_тание;и,ы,е;3.7.2 Правописание гласных и согласных в корне
тр_вожиться;е,и,ы;3.7.2 Правописание гласных и согласных в корне
разг_дать;а,о,ё,я;3.7.2 Правописание гласных и согласных в корне
к_вычки;а,о,ё,я;3.7.2 Правописание гласных и согласных в корне
экон_мичный;о,а,ё,ы;3.7.2 Правописание гласных и согласных в корне
зам_реть;е,и,ы;3.7.2 Правописание гласных и согласных в корне
прин_мать;и,ы,е;3.7.2 Правописание гласных и согласных в корне
пол_житься;о,а,ё,ы;3.7.2 Правописание гласных и согласных в корне
прекл_нение;о,а,ё,ы;3.7.2 Правописание гласных и согласных в корне
изл_жение;о,а,ё,ы;3.7.2 Правописание гласных и согласных в корне
разб_раться;и,ы,е;3.7.2 Правописание гласных и согласных в корне
с_мфония;и,ы,е;3.7.2 Правописание гласных и согласных в корне
пр_градить;е,и,ы;3.7.3 Употребление ъ и ь (в том числе разделительных)
и_вестить;з,с;3.7.3 Употребление ъ и ь (в том числе разделительных)
пр_глушить;и,ы,е;3.7.3 Употребление ъ и ь (в том числе разделительных)
пр_стыдить;и,ы,е;3.7.3 Употребление ъ и ь (в том числе разделительных)
пр_мудрый;е,и,ы;3.7.3 Употребление ъ и ь (в том числе разделительных)
кон_юнктура;ъ,ь;3.7.3 Употребление ъ и ь (в том числе разделительных)
по_задорить;д,т;3.7.3 Употребление ъ и ь (в том числе разделительных)
в_схождение;о,а,ё,ы;3.7.3 Употребление ъ и ь (в том числе разделительных)
бе_помощный;с,з,ск;3.7.3 Употребление ъ и ь (в том числе разделительных)
на_почечники;д,т;3.7.3 Употребление ъ и ь (в том числе разделительных)
н_бросок;а,о,ё,я;3.7.3 Употребление ъ и ь (в том числе разделительных)
порт_ера;ь,ъ;3.7.3 Употребление ъ и ь (в том числе разделительных)
с_язвить;ъ,ь;3.7.3 Употребление ъ и ь (в том числе разделительных)
по_грать;и,ы,е;3.7.3 Употребление ъ и ь (в том числе разделительных)
вн_служебный;е,и,ы;3.7.3 Употребление ъ и ь (в том числе разделительных)
без_ядерный;ъ,ь;3.7.3 Употребление ъ и ь (в том числе разделительных)
по_черкнуть;д,т;3.7.3 Употребление ъ и ь (в том числе разделительных)
необ_яснимый;ъ,ь;3.7.3 Употребление ъ и ь (в том числе разделительных)
пр_емственность;е,и,ы;3.7.3 Употребление ъ и ь (в том числе разделительных)
о_бросить;т,д;3.7.3 Употребление ъ и ь (в том числе разделительных)
пр_плясывать;и,ы,е;3.7.3 Употребление ъ и ь (в том числе разделительных)
обе_доленный;з,с;3.7.3 Употребление ъ и ь (в том числе разделительных)
пр_образование;е,и,ы;3.7.3 Употребление ъ и ь (в том числе разделительных)
о_гадать;т,д;3.7.3 Употребление ъ и ь (в том числе разделительных)
пр_морский;и,ы,е;3.7.3 Употребление ъ и ь (в том числе разделительных)
ра_мышлять;з,с;3.7.3 Употребление ъ и ь (в том числе разделительных)
по_прыгнуть;д,т;3.7.3 Употребление ъ и ь (в том числе разделительных)
пер_делать;е,и,ы;3.7.3 Употребление ъ и ь (в том числе разделительных)
нед_варить;о,а,ё,ы;3.7.3 Употребление ъ и ь (в том числе разделительных)
бул_он;ь,ъ;3.7.3 Употребление ъ и ь (в том числе разделительных)
бе_голосый;з,с;3.7.3 Употребление ъ и ь (в том числе разделительных)
вз_скать;ы,и;3.7.3 Употребление ъ и ь (в том числе разделительных)
пр_бытие;и,ы,е;3.7.3 Употребление ъ и ь (в том числе разделительных)
нера_борчивый;з,с;3.7.3 Употребление ъ и ь (в том числе разделительных)
сни_хождение;с,з,ск;3.7.3 Употребление ъ и ь (в том числе разделительных)
сверх_дейный;и,ы,е;3.7.3 Употребление ъ и ь (в том числе разделительных)
пред_стория;ы,и;3.7.3 Употребление ъ и ь (в том числе разделительных)
правопр_емник;е,и,ы;3.7.3 Употребление ъ и ь (в том числе разделительных)
фамил_ярный;ь,ъ;3.7.3 Употребление ъ и ь (в том числе разделительных)
ни_ходящий;с,з,ск;3.7.3 Употребление ъ и ь (в том числе разделительных)
под_брать;о,а,ё,ы;3.7.3 Употребление ъ и ь (в том числе разделительных)
пр_землиться;и,ы,е;3.7.3 Употребление ъ и ь (в том числе разделительных)
пр_годиться;и,ы,е;3.7.3 Употребление ъ и ь (в том числе разделительных)
по_твердить;д,т;3.7.3 Употребление ъ и ь (в том числе разделительных)
транс_европейский;ъ,ь;3.7.3 Употребление ъ и ь (в том числе разделительных)
бе_цельный;с,з,ск;3.7.3 Употребление ъ и ь (в том числе разделительных)
бе_срочный;с,з,ск;3.7.3 Употребление ъ и ь (в том числе разделительных)
с_грать;ы,и;3.7.3 Употребление ъ и ь (в том числе разделительных)
за_граться;и,ы,е;3.7.3 Употребление ъ и ь (в том числе разделительных)
р_зобщённо;а,о,ё,я;3.7.3 Употребление ъ и ь (в том числе разделительных)
не_говорчивый;с,з,ск;3.7.3 Употребление ъ и ь (в том числе разделительных)
и_томить;с,з,ск;3.7.3 Употребление ъ и ь (в том числе разделительных)
пр_амурский;и,ы,е;3.7.3 Употребление ъ и ь (в том числе разделительных)
пр_открыть;и,ы,е;3.7.3 Употребление ъ и ь (в том числе разделительных)
и_брать;з,с;3.7.3 Употребление ъ и ь (в том числе разделительных)
под_ём;з,с;3.7.3 Употребление ъ и ь (в том числе разделительных)
бе_контрольный;с,з,ск;3.7.3 Употребление ъ и ь (в том числе разделительных)
от_рвать;о,а,ё,ы;3.7.3 Употребление ъ и ь (в том числе разделительных)
непре_сказуемый;д,т;3.7.3 Употребление ъ и ь (в том числе разделительных)
от_гранный;ы,и;3.7.3 Употребление ъ и ь (в том числе разделительных)
пр_страстие;и,ы,е;3.7.3 Употребление ъ и ь (в том числе разделительных)
без_дейный;ы,и;3.7.3 Употребление ъ и ь (в том числе разделительных)
пр_поднятый;и,ы,е;3.7.3 Употребление ъ и ь (в том числе разделительных)
поз_прошлый;а,о,ё,я;3.7.3 Употребление ъ и ь (в том числе разделительных)
ни_провержение;с,з,ск;3.7.3 Употребление ъ и ь (в том числе разделительных)
пр_ступление;е,и,ы;3.7.3 Употребление ъ и ь (в том числе разделительных)
фельд_егерь;ъ,ь;3.7.3 Употребление ъ и ь (в том числе разделительных)
от_явленный;ъ,ь;3.7.3 Употребление ъ и ь (в том числе разделительных)
п_дорожник;о,а,ё,ы;3.7.3 Употребление ъ и ь (в том числе разделительных)
доз_правка;а,о,ё,я;3.7.3 Употребление ъ и ь (в том числе разделительных)
непр_будный;о,а,ё,ы;3.7.3 Употребление ъ и ь (в том числе разделительных)
увеч_е;ь,ъ;3.7.3 Употребление ъ и ь (в том числе разделительных)
п_завчера;о,а,ё,ы;3.7.3 Употребление ъ и ь (в том числе разделительных)
беспр_мерный;и,ы,е;3.7.3 Употребление ъ и ь (в том числе разделительных)
ра_париться;с,з,ск;3.7.3 Употребление ъ и ь (в том числе разделительных)
пр_образовать;о,а,ё,ы;3.7.3 Употребление ъ и ь (в том числе разделительных)
не_плаченный;о,а,ё,ы;3.7.3 Употребление ъ и ь (в том числе разделительных)
о_блеск;т,д;3.7.3 Употребление ъ и ь (в том числе разделительных)
ра_пущенный;с,з,ск;3.7.3 Употребление ъ и ь (в том числе разделительных)
контр_гра;и,ы,е;3.7.3 Употребление ъ и ь (в том числе разделительных)
пр_брежный;и,ы,е;3.7.3 Употребление ъ и ь (в том числе разделительных)
пр_грозить;и,ы,е;3.7.3 Употребление ъ и ь (в том числе разделительных)
с_бирать;о,а,ё,ы;3.7.3 Употребление ъ и ь (в том числе разделительных)
пред_юньский;ы,и;3.7.3 Употребление ъ и ь (в том числе разделительных)
з_байкальский;а,о,ё,я;3.7.3 Употребление ъ и ь (в том числе разделительных)
пр_верка;о,а,ё,ы;3.7.3 Употребление ъ и ь (в том числе разделительных)
суп_робложка;е,и,ы;3.7.3 Употребление ъ и ь (в том числе разделительных)
пр_станище;и,ы,е;3.7.3 Употребление ъ и ь (в том числе разделительных)
об_ездной;ъ,ь;3.7.3 Употребление ъ и ь (в том числе разделительных)
бе_сердечный;с,з,ск;3.7.3 Употребление ъ и ь (в том числе разделительных)
во_звание;з,с;3.7.3 Употребление ъ и ь (в том числе разделительных)
пр_мета;и,ы,е;3.7.3 Употребление ъ и ь (в том числе разделительных)
б_ющийся;ь,ъ;3.7.3 Употребление ъ и ь (в том числе разделительных)
под_грать;ы,и;3.7.3 Употребление ъ и ь (в том числе разделительных)
пр_бинтовать;и,ы,е;3.7.3 Употребление ъ и ь (в том числе разделительных)
из_ян;ъ,ь;3.7.3 Употребление ъ и ь (в том числе разделительных)
пр_вкусный;е,и,ы;3.7.3 Употребление ъ и ь (в том числе разделительных)
и_подтишка;с,з,ск;3.7.3 Употребление ъ и ь (в том числе разделительных)
в_южный;ь,ъ;3.7.3 Употребление ъ и ь (в том числе разделительных)
об_ём;ъ,ь;3.7.3 Употребление ъ и ь (в том числе разделительных)
по_заправка;д,т;3.7.3 Употребление ъ и ь (в том числе разделительных)
суб_ективизм;ъ,ь;3.7.3 Употребление ъ и ь (в том числе разделительных)
пр_бабушка;а,о,ё,я;3.7.3 Употребление ъ и ь (в том числе разделительных)
пре_шественник;д,т;3.7.3 Употребление ъ и ь (в том числе разделительных)
под_скать;ы,и;3.7.3 Употребление ъ и ь (в том числе разделительных)
и_черпать;с,з,ск;3.7.3 Употребление ъ и ь (в том числе разделительных)
по_кладка;д,т;3.7.3 Употребление ъ и ь (в том числе разделительных)
роз_грыш;ы,и;3.7.3 Употребление ъ и ь (в том числе разделительных)
с_путствовать;о,а,ё,ы;3.7.3 Употребление ъ и ь (в том числе разделительных)
с_трудник;о,а,ё,ы;3.7.3 Употребление ъ и ь (в том числе разделительных)
пр_нарядиться;и,ы,е;3.7.3 Употребление ъ и ь (в том числе разделительных)
об_ективный;ъ,ь;3.7.3 Употребление ъ и ь (в том числе разделительных)
бе_шовный;с,з,ск;3.7.3 Употребление ъ и ь (в том числе разделительных)
с_мпровизировать;ы,и;3.7.3 Употребление ъ и ь (в том числе разделительных)
об_ск;ы,и;3.7.3 Употребление ъ и ь (в том числе разделительных)
о_крывать;т,д;3.7.3 Употребление ъ и ь (в том числе разделительных)
ант_художественный;и,ы,е;3.7.3 Употребление ъ и ь (в том числе разделительных)
комп_ютер;ь,ъ;3.7.3 Употребление ъ и ь (в том числе разделительных)
ра_чёт;с,з,ск;3.7.3 Употребление ъ и ь (в том числе разделительных)
меж_нститутский;и,ы,е;3.7.3 Употребление ъ и ь (в том числе разделительных)
без_сходный;ы,и;3.7.3 Употребление ъ и ь (в том числе разделительных)
н_дломить;а,о,ё,я;3.7.3 Употребление ъ и ь (в том числе разделительных)
пр_знаться;и,ы,е;3.7.3 Употребление ъ и ь (в том числе разделительных)
сопр_косновение;и,ы,е;3.7.3 Употребление ъ и ь (в том числе разделительных)
пре_ставить;д,т;3.7.3 Употребление ъ и ь (в том числе разделительных)
из_явить;ъ,ь;3.7.3 Употребление ъ и ь (в том числе разделительных)
гостепр_имный;и,ы,е;3.7.3 Употребление ъ и ь (в том числе разделительных)
по_небесный;д,т;3.7.3 Употребление ъ и ь (в том числе разделительных)
пр_открытый;и,ы,е;3.7.3 Употребление ъ и ь (в том числе разделительных)
непр_рывный;е,и,ы;3.7.3 Употребление ъ и ь (в том числе разделительных)
дез_нфекция;и,ы,е;3.7.3 Употребление ъ и ь (в том числе разделительных)
р_зыграть;а,о,ё,я;3.7.3 Употребление ъ и ь (в том числе разделительных)
меж_здательский;и,ы,е;3.7.3 Употребление ъ и ь (в том числе разделительных)
с_езд;ъ,ь;3.7.3 Употребление ъ и ь (в том числе разделительных)
по_деть;д,т;3.7.3 Употребление ъ и ь (в том числе разделительных)
во_пылать;с,з,ск;3.7.3 Употребление ъ и ь (в том числе разделительных)
пр_беречь;и,ы,е;3.7.3 Употребление ъ и ь (в том числе разделительных)
и_балованный;з,с;3.7.3 Употребление ъ и ь (в том числе разделительных)
пре_писать;д,т;3.7.3 Употребление ъ и ь (в том числе разделительных)
д_верять;о,а,ё,ы;3.7.3 Употребление ъ и ь (в том числе разделительных)
бе_брежный;з,с;3.7.3 Употребление ъ и ь (в том числе разделительных)
поз_вчера;а,о,ё,я;3.7.3 Употребление ъ и ь (в том числе разделительных)
ад_ютант;ъ,ь;3.7.3 Употребление ъ и ь (в том числе разделительных)
пре_шествовать;д,т;3.7.3 Употребление ъ и ь (в том числе разделительных)
не_добровать;с,з,ск;3.7.3 Употребление ъ и ь (в том числе разделительных)
супер_гра;и,ы,е;3.7.3 Употребление ъ и ь (в том числе разделительных)
д_сквалификация;и,ы,е;3.7.3 Употребление ъ и ь (в том числе разделительных)
пр_добрый;е,и,ы;3.7.3 Употребление ъ и ь (в том числе разделительных)
по_бирать;с,з,ск;3.7.3 Употребление ъ и ь (в том числе разделительных)
пр_успеть;е,и,ы;3.7.3 Употребление ъ и ь (в том числе разделительных)
в_дремнуть;з,с;3.7.3 Употребление ъ и ь (в том числе разделительных)
под_ехать;ъ,ь;3.7.3 Употребление ъ и ь (в том числе разделительных)
пр_обладать;е,и,ы;3.7.3 Употребление ъ и ь (в том числе разделительных)
меж_языковой;ъ,ь;3.7.3 Употребление ъ и ь (в том числе разделительных)
вз_скание;ы,и;3.7.3 Употребление ъ и ь (в том числе разделительных)
по_стёжка;д,т;3.7.3 Употребление ъ и ь (в том числе разделительных)
пр_ходимость;е,и,ы;3.7.3 Употребление ъ и ь (в том числе разделительных)
и_правный;с,з,ск;3.7.3 Употребление ъ и ь (в том числе разделительных)
бе_численный;с,з,ск;3.7.3 Употребление ъ и ь (в том числе разделительных)
и_желта-красный;з,с;3.7.3 Употребление ъ и ь (в том числе разделительных)
в_юга;ь,ъ;3.7.3 Употребление ъ и ь (в том числе разделительных)
пред_явить;ъ,ь;3.7.3 Употребление ъ и ь (в том числе разделительных)
пр_родина;а,о,ё,я;3.7.3 Употребление ъ и ь (в том числе разделительных)
пр_емлемый;и,ы,е;3.7.3 Употребление ъ и ь (в том числе разделительных)
в_балтывать;з,с;3.7.3 Употребление ъ и ь (в том числе разделительных)
меж_гровой;и,ы,е;3.7.3 Употребление ъ и ь (в том числе разделительных)
обез_яна;ь,ъ;3.7.3 Употребление ъ и ь (в том числе разделительных)
вз_ерошить;ъ,ь;3.7.3 Употребление ъ и ь (в том числе разделительных)
пр_крепить;и,ы,е;3.7.3 Употребление ъ и ь (в том числе разделительных)
в_ездной;ъ,ь;3.7.3 Употребление ъ и ь (в том числе разделительных)
пр_своить;и,ы,е;3.7.3 Употребление ъ и ь (в том числе разделительных)
под_езд;ъ,ь;3.7.3 Употребление ъ и ь (в том числе разделительных)
на_пись;д,т;3.7.3 Употребление ъ и ь (в том числе разделительных)
и_кажённый;с,з,ск;3.7.3 Употребление ъ и ь (в том числе разделительных)
п_еса;ь,ъ;3.7.3 Употребление ъ и ь (в том числе разделительных)
нед_верчивый;о,а,ё,ы;3.7.3 Употребление ъ и ь (в том числе разделительных)
пр_ласкать;и,ы,е;3.7.3 Употребление ъ и ь (в том числе разделительных)
на_ломленный;д,т;3.7.3 Употребление ъ и ь (в том числе разделительных)
ра_порядок;с,з,ск;3.7.3 Употребление ъ и ь (в том числе разделительных)
с_естной;ъ,ь;3.7.3 Употребление ъ и ь (в том числе разделительных)
бе_жалостный;з,с;3.7.3 Употребление ъ и ь (в том числе разделительных)
пас_янс;ь,ъ;3.7.3 Употребление ъ и ь (в том числе разделительных)
арх_важный;и,ы,е;3.7.3 Употребление ъ и ь (в том числе разделительных)
на_ломиться;д,т;3.7.3 Употребление ъ и ь (в том числе разделительных)
пр_горелый;и,ы,е;3.7.3 Употребление ъ и ь (в том числе разделительных)
небез_звестный;ы,и;3.7.3 Употребление ъ и ь (в том числе разделительных)
из_сканный;ы,и;3.7.3 Употребление ъ и ь (в том числе разделительных)
от_грать;ы,и;3.7.3 Употребление ъ и ь (в том числе разделительных)
не_держанный;с,з,ск;3.7.3 Употребление ъ и ь (в том числе разделительных)
сверх_зысканный;и,ы,е;3.7.3 Употребление ъ и ь (в том числе разделительных)
о_брасывать;т,д;3.7.3 Употребление ъ и ь (в том числе разделительных)
в_едливый;ъ,ь;3.7.3 Употребление ъ и ь (в том числе разделительных)
пред_юбилейный;ъ,ь;3.7.3 Употребление ъ и ь (в том числе разделительных)
без_нтересный;ы,и;3.7.3 Употребление ъ и ь (в том числе разделительных)
нен_глядный;а,о,ё,я;3.7.3 Употребление ъ и ь (в том числе разделительных)
ра_ширить;с,з,ск;3.7.3 Употребление ъ и ь (в том числе разделительных)
пред_дущий;ы,и;3.7.3 Употребление ъ и ь (в том числе разделительных)
пр_спокойно;е,и,ы;3.7.3 Употребление ъ и ь (в том числе разделительных)
без_скусный;ы,и;3.7.3 Употребление ъ и ь (в том числе разделительных)
в_зместить;о,а,ё,ы;3.7.3 Употребление ъ и ь (в том числе разделительных)
ра_торгнуть;с,з,ск;3.7.3 Употребление ъ и ь (в том числе разделительных)
от_грывать;ы,и;3.7.3 Употребление ъ и ь (в том числе разделительных)
о_звук;т,д;3.7.3 Употребление ъ и ь (в том числе разделительных)
под_язычный;ъ,ь;3.7.3 Употребление ъ и ь (в том числе разделительных)
и_коверкать;с,з,ск;3.7.3 Употребление ъ и ь (в том числе разделительных)
пре_писание;д,т;3.7.3 Употребление ъ и ь (в том числе разделительных)
необ_ятный;ъ,ь;3.7.3 Употребление ъ и ь (в том числе разделительных)
бе_перспективный;с,з,ск;3.7.3 Употребление ъ и ь (в том числе разделительных)
раз_ём;ъ,ь;3.7.3 Употребление ъ и ь (в том числе разделительных)
кар_ера;ь,ъ;3.7.3 Употребление ъ и ь (в том числе разделительных)
пр_щуриться;и,ы,е;3.7.3 Употребление ъ и ь (в том числе разделительных)
суб_ект;ъ,ь;3.7.3 Употребление ъ и ь (в том числе разделительных)
ра_шевелить;с,з,ск;3.7.3 Употребление ъ и ь (в том числе разделительных)
пр_исполненный;е,и,ы;3.7.3 Употребление ъ и ь (в том числе разделительных)
ра_средоточивать;с,з,ск;3.7.3 Употребление ъ и ь (в том числе разделительных)
не_держанность;с,з,ск;3.7.3 Употребление ъ и ь (в том числе разделительных)
п_дбодрить;о,а,ё,ы;3.7.3 Употребление ъ и ь (в том числе разделительных)
об_льстить;о,а,ё,ы;3.7.3 Употребление ъ и ь (в том числе разделительных)
пред_нфарктный;ы,и;3.7.3 Употребление ъ и ь (в том числе разделительных)
пр_обретение;и,ы,е;3.7.3 Употребление ъ и ь (в том числе разделительных)
пр_шелец;и,ы,е;3.7.3 Употребление ъ и ь (в том числе разделительных)
с_переживание;о,а,ё,ы;3.7.3 Употребление ъ и ь (в том числе разделительных)
пост_ндустриальный;и,ы,е;3.7.3 Употребление ъ и ь (в том числе разделительных)
з_ход;а,о,ё,я;3.7.3 Употребление ъ и ь (в том числе разделительных)
п_играть;о,а,ё,ы;3.7.3 Употребление ъ и ь (в том числе разделительных)
пед_нститут;и,ы,е;3.7.3 Употребление ъ и ь (в том числе разделительных)
вз_ерошенный;ъ,ь;3.7.3 Употребление ъ и ь (в том числе разделительных)
н_илучший;а,о,ё,я;3.7.3 Употребление ъ и ь (в том числе разделительных)
з_рисовка;а,о,ё,я;3.7.3 Употребление ъ и ь (в том числе разделительных)
без_ндукционный;ы,и;3.7.3 Употребление ъ и ь (в том числе разделительных)
пр_неприятный;е,и,ы;3.7.3 Употребление ъ и ь (в том числе разделительных)
ни_послать;с,з,ск;3.7.3 Употребление ъ и ь (в том числе разделительных)
воз_меть;ы,и;3.7.3 Употребление ъ и ь (в том числе разделительных)
гнездов_е;ь,ъ;3.7.3 Употребление ъ и ь (в том числе разделительных)
прои_шествие;с,з,ск;3.7.3 Употребление ъ и ь (в том числе разделительных)
бе_вестный;з,с;3.7.3 Употребление ъ и ь (в том числе разделительных)
бе_человечный;с,з,ск;3.7.3 Употребление ъ и ь (в том числе разделительных)
и_сякнуть;с,з,ск;3.7.3 Употребление ъ и ь (в том числе разделительных)
бе_граничный;з,с;3.7.3 Употребление ъ и ь (в том числе разделительных)
раз_грать;ы,и;3.7.3 Употребление ъ и ь (в том числе разделительных)
и_пугать;с,з,ск;3.7.3 Употребление ъ и ь (в том числе разделительных)
на_кусить;д,т;3.7.3 Употребление ъ и ь (в том числе разделительных)
с_рвать;о,а,ё,ы;3.7.3 Употребление ъ и ь (в том числе разделительных)
п_дпустить;о,а,ё,ы;3.7.3 Употребление ъ и ь (в том числе разделительных)
р_зыскать;а,о,ё,я;3.7.3 Употребление ъ и ь (в том числе разделительных)
ра_мешать;з,с;3.7.3 Употребление ъ и ь (в том числе разделительных)
р_спорядиться;а,о,ё,я;3.7.3 Употребление ъ и ь (в том числе разделительных)
и_черченный;с,з,ск;3.7.3 Употребление ъ и ь (в том числе разделительных)
ра_щедриться;с,з,ск;3.7.3 Употребление ъ и ь (в том числе разделительных)
не_хватный;о,а,ё,ы;3.7.3 Употребление ъ и ь (в том числе разделительных)
о_дежурить;т,д;3.7.3 Употребление ъ и ь (в том числе разделительных)
пр_вращение;е,и,ы;3.7.3 Употребление ъ и ь (в том числе разделительных)
двух_ярусный;ъ,ь;3.7.3 Употребление ъ и ь (в том числе разделительных)
вороб_иный;ь,ъ;3.7.3 Употребление ъ и ь (в том числе разделительных)
по_сковик;и,ы,е;3.7.3 Употребление ъ и ь (в том числе разделительных)
от_граться;ы,и;3.7.3 Употребление ъ и ь (в том числе разделительных)
и_пуг;с,з,ск;3.7.3 Употребление ъ и ь (в том числе разделительных)
бе_порядочный;с,з,ск;3.7.3 Употребление ъ и ь (в том числе разделительных)
ра_писание;с,з,ск;3.7.3 Употребление ъ и ь (в том числе разделительных)
ни_посланный;с,з,ск;3.7.3 Употребление ъ и ь (в том числе разделительных)
непр_годный;и,ы,е;3.7.3 Употребление ъ и ь (в том числе разделительных)
с_гласие;о,а,ё,ы;3.7.3 Употребление ъ и ь (в том числе разделительных)
и_колесить;с,з,ск;3.7.3 Употребление ъ и ь (в том числе разделительных)
бе_дельник;з,с;3.7.3 Употребление ъ и ь (в том числе разделительных)
ра_сеять;с,з,ск;3.7.3 Употребление ъ и ь (в том числе разделительных)
пр_волье;и,ы,е;3.7.3 Употребление ъ и ь (в том числе разделительных)
и_порченный;с,з,ск;3.7.3 Употребление ъ и ь (в том числе разделительных)
мирово_зрение;з,с;3.7.3 Употребление ъ и ь (в том числе разделительных)
з_ночевать;а,о,ё,я;3.7.3 Употребление ъ и ь (в том числе разделительных)
пр_волжский;и,ы,е;3.7.3 Употребление ъ и ь (в том числе разделительных)
з_певала;а,о,ё,я;3.7.3 Употребление ъ и ь (в том числе разделительных)
пр_чудливый;и,ы,е;3.7.3 Употребление ъ и ь (в том числе разделительных)
сверх_нтересный;и,ы,е;3.7.3 Употребление ъ и ь (в том числе разделительных)
пр_остановить;и,ы,е;3.7.3 Употребление ъ и ь (в том числе разделительных)
пост_мпрессионизм;и,ы,е;3.7.3 Употребление ъ и ь (в том числе разделительных)
пр_стройка;и,ы,е;3.7.3 Употребление ъ и ь (в том числе разделительных)
пр_школьный;и,ы,е;3.7.3 Употребление ъ и ь (в том числе разделительных)
пр_терпеться;и,ы,е;3.7.3 Употребление ъ и ь (в том числе разделительных)
бе_принципный;с,з,ск;3.7.3 Употребление ъ и ь (в том числе разделительных)
за_нтересовать;и,ы,е;3.7.3 Употребление ъ и ь (в том числе разделительных)
пр_озёрный;и,ы,е;3.7.3 Употребление ъ и ь (в том числе разделительных)
сверх_естественный;ъ,ь;3.7.3 Употребление ъ и ь (в том числе разделительных)
п_переменно;о,а,ё,ы;3.7.3 Употребление ъ и ь (в том числе разделительных)
бе_земельный;з,с;3.7.3 Употребление ъ и ь (в том числе разделительных)
пр_бавление;и,ы,е;3.7.3 Употребление ъ и ь (в том числе разделительных)
с_митировать;ы,и;3.7.3 Употребление ъ и ь (в том числе разделительных)
ра_делка;з,с;3.7.3 Употребление ъ и ь (в том числе разделительных)
не_тъемлемый;о,а,ё,ы;3.7.3 Употребление ъ и ь (в том числе разделительных)
пр_образ;о,а,ё,ы;3.7.3 Употребление ъ и ь (в том числе разделительных)
в_рыхлить;з,с;3.7.3 Употребление ъ и ь (в том числе разделительных)
о_благодарить;т,д;3.7.3 Употребление ъ и ь (в том числе разделительных)
ра_колоть;с,з,ск;3.7.3 Употребление ъ и ь (в том числе разделительных)
без_нициативный;ы,и;3.7.3 Употребление ъ и ь (в том числе разделительных)
чере_чур;с,з,ск;3.7.3 Употребление ъ и ь (в том числе разделительных)
пред_явитель;ъ,ь;3.7.3 Употребление ъ и ь (в том числе разделительных)
бе_болезненный;з,с;3.7.3 Употребление ъ и ь (в том числе разделительных)
под_тожить;ы,и;3.7.3 Употребление ъ и ь (в том числе разделительных)
о_бой;т,д;3.7.3 Употребление ъ и ь (в том числе разделительных)
пр_градить;е,и,ы;3.7.4 Правописание приставок. Буквы ы – и после при ставок
и_вестить;з,с;3.7.4 Правописание приставок. Буквы ы – и после при ставок
пр_глушить;и,ы,е;3.7.4 Правописание приставок. Буквы ы – и после при ставок
пр_стыдить;и,ы,е;3.7.4 Правописание приставок. Буквы ы – и после при ставок
от_брать;о,а,ё,ы;3.7.4 Правописание приставок. Буквы ы – и после при ставок
пр_мудрый;е,и,ы;3.7.4 Правописание приставок. Буквы ы – и после при ставок
кон_юнктура;ъ,ь;3.7.4 Правописание приставок. Буквы ы – и после при ставок
по_задорить;д,т;3.7.4 Правописание приставок. Буквы ы – и после при ставок
в_схождение;о,а,ё,ы;3.7.4 Правописание приставок. Буквы ы – и после при ставок
с_автор;о,а,ё,ы;3.7.4 Правописание приставок. Буквы ы – и после при ставок
бе_помощный;с,з,ск;3.7.4 Правописание приставок. Буквы ы – и после при ставок
бе_вкусный;з,с;3.7.4 Правописание приставок. Буквы ы – и после при ставок
на_почечники;д,т;3.7.4 Правописание приставок. Буквы ы – и после при ставок
н_бросок;а,о,ё,я;3.7.4 Правописание приставок. Буквы ы – и после при ставок
порт_ера;ь,ъ;3.7.4 Правописание приставок. Буквы ы – и после при ставок
с_язвить;ъ,ь;3.7.4 Правописание приставок. Буквы ы – и после при ставок
по_грать;и,ы,е;3.7.4 Правописание приставок. Буквы ы – и после при ставок
вн_служебный;е,и,ы;3.7.4 Правописание приставок. Буквы ы – и после при ставок
без_ядерный;ъ,ь;3.7.4 Правописание приставок. Буквы ы – и после при ставок
по_черкнуть;д,т;3.7.4 Правописание приставок. Буквы ы – и после при ставок
ра_грызть;з,с;3.7.4 Правописание приставок. Буквы ы – и после при ставок
необ_яснимый;ъ,ь;3.7.4 Правописание приставок. Буквы ы – и после при ставок
пр_емственность;е,и,ы;3.7.4 Правописание приставок. Буквы ы – и после при ставок
о_бросить;т,д;3.7.4 Правописание приставок. Буквы ы – и после при ставок
пр_плясывать;и,ы,е;3.7.4 Правописание приставок. Буквы ы – и после при ставок
из_сканность;ы,и;3.7.4 Правописание приставок. Буквы ы – и после при ставок
обе_доленный;з,с;3.7.4 Правописание приставок. Буквы ы – и после при ставок
пр_образование;е,и,ы;3.7.4 Правописание приставок. Буквы ы – и после при ставок
о_гадать;т,д;3.7.4 Правописание приставок. Буквы ы – и после при ставок
пр_ступник;е,и,ы;3.7.4 Правописание приставок. Буквы ы – и после при ставок
пр_морский;и,ы,е;3.7.4 Правописание приставок. Буквы ы – и после при ставок
ра_мышлять;з,с;3.7.4 Правописание приставок. Буквы ы – и после при ставок
по_прыгнуть;д,т;3.7.4 Правописание приставок. Буквы ы – и после при ставок
пер_делать;е,и,ы;3.7.4 Правописание приставок. Буквы ы – и после при ставок
нед_варить;о,а,ё,ы;3.7.4 Правописание приставок. Буквы ы – и после при ставок
бул_он;ь,ъ;3.7.4 Правописание приставок. Буквы ы – и после при ставок
бе_голосый;з,с;3.7.4 Правописание приставок. Буквы ы – и после при ставок
вз_скать;ы,и;3.7.4 Правописание приставок. Буквы ы – и после при ставок
пр_бытие;и,ы,е;3.7.4 Правописание приставок. Буквы ы – и после при ставок
нера_борчивый;з,с;3.7.4 Правописание приставок. Буквы ы – и после при ставок
сни_хождение;с,з,ск;3.7.4 Правописание приставок. Буквы ы – и после при ставок
сверх_дейный;и,ы,е;3.7.4 Правописание приставок. Буквы ы – и после при ставок
на_смотрщик;д,т;3.7.4 Правописание приставок. Буквы ы – и после при ставок
пред_стория;ы,и;3.7.4 Правописание приставок. Буквы ы – и после при ставок
правопр_емник;е,и,ы;3.7.4 Правописание приставок. Буквы ы – и после при ставок
фамил_ярный;ь,ъ;3.7.4 Правописание приставок. Буквы ы – и после при ставок
ни_ходящий;с,з,ск;3.7.4 Правописание приставок. Буквы ы – и после при ставок
меж_ярусный;ъ,ь;3.7.4 Правописание приставок. Буквы ы – и после при ставок
под_брать;о,а,ё,ы;3.7.4 Правописание приставок. Буквы ы – и после при ставок
пр_землиться;и,ы,е;3.7.4 Правописание приставок. Буквы ы – и после при ставок
пр_годиться;и,ы,е;3.7.4 Правописание приставок. Буквы ы – и после при ставок
по_твердить;д,т;3.7.4 Правописание приставок. Буквы ы – и после при ставок
транс_европейский;ъ,ь;3.7.4 Правописание приставок. Буквы ы – и после при ставок
бе_цельный;с,з,ск;3.7.4 Правописание приставок. Буквы ы – и после при ставок
бе_срочный;с,з,ск;3.7.4 Правописание приставок. Буквы ы – и после при ставок
н_дпочечник;а,о,ё,я;3.7.4 Правописание приставок. Буквы ы – и после при ставок
с_грать;ы,и;3.7.4 Правописание приставок. Буквы ы – и после при ставок
за_граться;и,ы,е;3.7.4 Правописание приставок. Буквы ы – и после при ставок
р_зобщённо;а,о,ё,я;3.7.4 Правописание приставок. Буквы ы – и после при ставок
под_йти;о,а,ё,ы;3.7.4 Правописание приставок. Буквы ы – и после при ставок
не_говорчивый;с,з,ск;3.7.4 Правописание приставок. Буквы ы – и после при ставок
и_томить;с,з,ск;3.7.4 Правописание приставок. Буквы ы – и после при ставок
пр_амурский;и,ы,е;3.7.4 Правописание приставок. Буквы ы – и после при ставок
д_спропорция;и,ы,е;3.7.4 Правописание приставок. Буквы ы – и после при ставок
пр_открыть;и,ы,е;3.7.4 Правописание приставок. Буквы ы – и после при ставок
и_брать;з,с;3.7.4 Правописание приставок. Буквы ы – и после при ставок
под_ём;з,с;3.7.4 Правописание приставок. Буквы ы – и после при ставок
под_ярус;ъ,ь;3.7.4 Правописание приставок. Буквы ы – и после при ставок
бе_контрольный;с,з,ск;3.7.4 Правописание приставок. Буквы ы – и после при ставок
д_зориентация;е,и,ы;3.7.4 Правописание приставок. Буквы ы – и после при ставок
от_рвать;о,а,ё,ы;3.7.4 Правописание приставок. Буквы ы – и после при ставок
трёх_ярусный;ъ,ь;3.7.4 Правописание приставок. Буквы ы – и после при ставок
непре_сказуемый;д,т;3.7.4 Правописание приставок. Буквы ы – и после при ставок
от_гранный;ы,и;3.7.4 Правописание приставок. Буквы ы – и после при ставок
пр_страстие;и,ы,е;3.7.4 Правописание приставок. Буквы ы – и после при ставок
без_дейный;ы,и;3.7.4 Правописание приставок. Буквы ы – и после при ставок
пр_поднятый;и,ы,е;3.7.4 Правописание приставок. Буквы ы – и после при ставок
поз_прошлый;а,о,ё,я;3.7.4 Правописание приставок. Буквы ы – и после при ставок
п_немногу;о,а,ё,ы;3.7.4 Правописание приставок. Буквы ы – и после при ставок
ни_провержение;с,з,ск;3.7.4 Правописание приставок. Буквы ы – и после при ставок
пр_слушиваться;и,ы,е;3.7.4 Правописание приставок. Буквы ы – и после при ставок
пр_ступление;е,и,ы;3.7.4 Правописание приставок. Буквы ы – и после при ставок
фельд_егерь;ъ,ь;3.7.4 Правописание приставок. Буквы ы – и после при ставок
от_явленный;ъ,ь;3.7.4 Правописание приставок. Буквы ы – и после при ставок
п_дорожник;о,а,ё,ы;3.7.4 Правописание приставок. Буквы ы – и после при ставок
доз_правка;а,о,ё,я;3.7.4 Правописание приставок. Буквы ы – и после при ставок
непр_будный;о,а,ё,ы;3.7.4 Правописание приставок. Буквы ы – и после при ставок
увеч_е;ь,ъ;3.7.4 Правописание приставок. Буквы ы – и после при ставок
п_завчера;о,а,ё,ы;3.7.4 Правописание приставок. Буквы ы – и после при ставок
бе_хозный;с,з,ск;3.7.4 Правописание приставок. Буквы ы – и после при ставок
беспр_мерный;и,ы,е;3.7.4 Правописание приставок. Буквы ы – и после при ставок
ра_париться;с,з,ск;3.7.4 Правописание приставок. Буквы ы – и после при ставок
пр_образовать;о,а,ё,ы;3.7.4 Правописание приставок. Буквы ы – и после при ставок
не_плаченный;о,а,ё,ы;3.7.4 Правописание приставок. Буквы ы – и после при ставок
о_блеск;т,д;3.7.4 Правописание приставок. Буквы ы – и после при ставок
ра_пущенный;с,з,ск;3.7.4 Правописание приставок. Буквы ы – и после при ставок
пр_ображённый;е,и,ы;3.7.4 Правописание приставок. Буквы ы – и после при ставок
контр_гра;и,ы,е;3.7.4 Правописание приставок. Буквы ы – и после при ставок
пр_града;е,и,ы;3.7.4 Правописание приставок. Буквы ы – и после при ставок
пр_брежный;и,ы,е;3.7.4 Правописание приставок. Буквы ы – и после при ставок
пр_грозить;и,ы,е;3.7.4 Правописание приставок. Буквы ы – и после при ставок
с_бирать;о,а,ё,ы;3.7.4 Правописание приставок. Буквы ы – и после при ставок
пред_юньский;ы,и;3.7.4 Правописание приставок. Буквы ы – и после при ставок
бур_ян;ь,ъ;3.7.4 Правописание приставок. Буквы ы – и после при ставок
з_байкальский;а,о,ё,я;3.7.4 Правописание приставок. Буквы ы – и после при ставок
пр_верка;о,а,ё,ы;3.7.4 Правописание приставок. Буквы ы – и после при ставок
суп_робложка;е,и,ы;3.7.4 Правописание приставок. Буквы ы – и после при ставок
пр_станище;и,ы,е;3.7.4 Правописание приставок. Буквы ы – и после при ставок
об_ездной;ъ,ь;3.7.4 Правописание приставок. Буквы ы – и после при ставок
пр_уныть;и,ы,е;3.7.4 Правописание приставок. Буквы ы – и после при ставок
бе_сердечный;с,з,ск;3.7.4 Правописание приставок. Буквы ы – и после при ставок
во_звание;з,с;3.7.4 Правописание приставок. Буквы ы – и после при ставок
пр_мета;и,ы,е;3.7.4 Правописание приставок. Буквы ы – и после при ставок
б_ющийся;ь,ъ;3.7.4 Правописание приставок. Буквы ы – и после при ставок
под_грать;ы,и;3.7.4 Правописание приставок. Буквы ы – и после при ставок
пр_бинтовать;и,ы,е;3.7.4 Правописание приставок. Буквы ы – и после при ставок
из_ян;ъ,ь;3.7.4 Правописание приставок. Буквы ы – и после при ставок
пр_вкусный;е,и,ы;3.7.4 Правописание приставок. Буквы ы – и после при ставок
и_подтишка;с,з,ск;3.7.4 Правописание приставок. Буквы ы – и после при ставок
в_южный;ь,ъ;3.7.4 Правописание приставок. Буквы ы – и после при ставок
об_ём;ъ,ь;3.7.4 Правописание приставок. Буквы ы – и после при ставок
по_заправка;д,т;3.7.4 Правописание приставок. Буквы ы – и после при ставок
суб_ективизм;ъ,ь;3.7.4 Правописание приставок. Буквы ы – и после при ставок
ант_пригарный;и,ы,е;3.7.4 Правописание приставок. Буквы ы – и после при ставок
пр_бабушка;а,о,ё,я;3.7.4 Правописание приставок. Буквы ы – и после при ставок
пре_шественник;д,т;3.7.4 Правописание приставок. Буквы ы – и после при ставок
под_скать;ы,и;3.7.4 Правописание приставок. Буквы ы – и после при ставок
д_сквалифицировать;и,ы,е;3.7.4 Правописание приставок. Буквы ы – и после при ставок
р_списание;а,о,ё,я;3.7.4 Правописание приставок. Буквы ы – и после при ставок
и_черпать;с,з,ск;3.7.4 Правописание приставок. Буквы ы – и после при ставок
по_кладка;д,т;3.7.4 Правописание приставок. Буквы ы – и после при ставок
н_писать;а,о,ё,я;3.7.4 Правописание приставок. Буквы ы – и после при ставок
роз_грыш;ы,и;3.7.4 Правописание приставок. Буквы ы – и после при ставок
с_путствовать;о,а,ё,ы;3.7.4 Правописание приставок. Буквы ы – и после при ставок
во_росший;з,с;3.7.4 Правописание приставок. Буквы ы – и после при ставок
с_трудник;о,а,ё,ы;3.7.4 Правописание приставок. Буквы ы – и после при ставок
пр_нарядиться;и,ы,е;3.7.4 Правописание приставок. Буквы ы – и после при ставок
об_ективный;ъ,ь;3.7.4 Правописание приставок. Буквы ы – и после при ставок
бе_шовный;с,з,ск;3.7.4 Правописание приставок. Буквы ы – и после при ставок
с_мпровизировать;ы,и;3.7.4 Правописание приставок. Буквы ы – и после при ставок
об_ск;ы,и;3.7.4 Правописание приставок. Буквы ы – и после при ставок
о_крывать;т,д;3.7.4 Правописание приставок. Буквы ы – и после при ставок
ант_художественный;и,ы,е;3.7.4 Правописание приставок. Буквы ы – и после при ставок
комп_ютер;ь,ъ;3.7.4 Правописание приставок. Буквы ы – и после при ставок
ра_чёт;с,з,ск;3.7.4 Правописание приставок. Буквы ы – и после при ставок
меж_нститутский;и,ы,е;3.7.4 Правописание приставок. Буквы ы – и после при ставок
без_сходный;ы,и;3.7.4 Правописание приставок. Буквы ы – и после при ставок
об_ёмный;ъ,ь;3.7.4 Правописание приставок. Буквы ы – и после при ставок
н_дломить;а,о,ё,я;3.7.4 Правописание приставок. Буквы ы – и после при ставок
пр_знаться;и,ы,е;3.7.4 Правописание приставок. Буквы ы – и после при ставок
сопр_косновение;и,ы,е;3.7.4 Правописание приставок. Буквы ы – и после при ставок
пре_ставить;д,т;3.7.4 Правописание приставок. Буквы ы – и после при ставок
из_явить;ъ,ь;3.7.4 Правописание приставок. Буквы ы – и после при ставок
и_портиться;с,з,ск;3.7.4 Правописание приставок. Буквы ы – и после при ставок
гостепр_имный;и,ы,е;3.7.4 Правописание приставок. Буквы ы – и после при ставок
по_небесный;д,т;3.7.4 Правописание приставок. Буквы ы – и после при ставок
д_скомфорт;и,ы,е;3.7.4 Правописание приставок. Буквы ы – и после при ставок
пр_открытый;и,ы,е;3.7.4 Правописание приставок. Буквы ы – и после при ставок
непр_рывный;е,и,ы;3.7.4 Правописание приставок. Буквы ы – и после при ставок
дез_нфекция;и,ы,е;3.7.4 Правописание приставок. Буквы ы – и после при ставок
р_зыграть;а,о,ё,я;3.7.4 Правописание приставок. Буквы ы – и после при ставок
меж_здательский;и,ы,е;3.7.4 Правописание приставок. Буквы ы – и после при ставок
с_езд;ъ,ь;3.7.4 Правописание приставок. Буквы ы – и после при ставок
по_деть;д,т;3.7.4 Правописание приставок. Буквы ы – и после при ставок
во_пылать;с,з,ск;3.7.4 Правописание приставок. Буквы ы – и после при ставок
пр_беречь;и,ы,е;3.7.4 Правописание приставок. Буквы ы – и после при ставок
и_балованный;з,с;3.7.4 Правописание приставок. Буквы ы – и после при ставок
пре_писать;д,т;3.7.4 Правописание приставок. Буквы ы – и после при ставок
д_верять;о,а,ё,ы;3.7.4 Правописание приставок. Буквы ы – и после при ставок
бе_брежный;з,с;3.7.4 Правописание приставок. Буквы ы – и после при ставок
поз_вчера;а,о,ё,я;3.7.4 Правописание приставок. Буквы ы – и после при ставок
ад_ютант;ъ,ь;3.7.4 Правописание приставок. Буквы ы – и после при ставок
пре_шествовать;д,т;3.7.4 Правописание приставок. Буквы ы – и после при ставок
не_добровать;с,з,ск;3.7.4 Правописание приставок. Буквы ы – и после при ставок
супер_гра;и,ы,е;3.7.4 Правописание приставок. Буквы ы – и после при ставок
д_сквалификация;и,ы,е;3.7.4 Правописание приставок. Буквы ы – и после при ставок
пр_добрый;е,и,ы;3.7.4 Правописание приставок. Буквы ы – и после при ставок
по_бирать;с,з,ск;3.7.4 Правописание приставок. Буквы ы – и после при ставок
пр_успеть;е,и,ы;3.7.4 Правописание приставок. Буквы ы – и после при ставок
в_дремнуть;з,с;3.7.4 Правописание приставок. Буквы ы – и после при ставок
под_ехать;ъ,ь;3.7.4 Правописание приставок. Буквы ы – и после при ставок
пр_обладать;е,и,ы;3.7.4 Правописание приставок. Буквы ы – и после при ставок
меж_языковой;ъ,ь;3.7.4 Правописание приставок. Буквы ы – и после при ставок
вз_скание;ы,и;3.7.4 Правописание приставок. Буквы ы – и после при ставок
по_стёжка;д,т;3.7.4 Правописание приставок. Буквы ы – и после при ставок
пр_ходимость;е,и,ы;3.7.4 Правописание приставок. Буквы ы – и после при ставок
и_правный;с,з,ск;3.7.4 Правописание приставок. Буквы ы – и после при ставок
бе_численный;с,з,ск;3.7.4 Правописание приставок. Буквы ы – и после при ставок
и_желта-красный;з,с;3.7.4 Правописание приставок. Буквы ы – и после при ставок
и_биратель;з,с;3.7.4 Правописание приставок. Буквы ы – и после при ставок
в_юга;ь,ъ;3.7.4 Правописание приставок. Буквы ы – и после при ставок
пред_явить;ъ,ь;3.7.4 Правописание приставок. Буквы ы – и после при ставок
пр_родина;а,о,ё,я;3.7.4 Правописание приставок. Буквы ы – и после при ставок
пр_емлемый;и,ы,е;3.7.4 Правописание приставок. Буквы ы – и после при ставок
в_балтывать;з,с;3.7.4 Правописание приставок. Буквы ы – и после при ставок
пре_вкушение;д,т;3.7.4 Правописание приставок. Буквы ы – и после при ставок
меж_гровой;и,ы,е;3.7.4 Правописание приставок. Буквы ы – и после при ставок
обез_яна;ь,ъ;3.7.4 Правописание приставок. Буквы ы – и после при ставок
вз_ерошить;ъ,ь;3.7.4 Правописание приставок. Буквы ы – и после при ставок
пр_крепить;и,ы,е;3.7.4 Правописание приставок. Буквы ы – и после при ставок
в_ездной;ъ,ь;3.7.4 Правописание приставок. Буквы ы – и после при ставок
пр_своить;и,ы,е;3.7.4 Правописание приставок. Буквы ы – и после при ставок
под_езд;ъ,ь;3.7.4 Правописание приставок. Буквы ы – и после при ставок
на_пись;д,т;3.7.4 Правописание приставок. Буквы ы – и после при ставок
и_кажённый;с,з,ск;3.7.4 Правописание приставок. Буквы ы – и после при ставок
п_еса;ь,ъ;3.7.4 Правописание приставок. Буквы ы – и после при ставок
нед_верчивый;о,а,ё,ы;3.7.4 Правописание приставок. Буквы ы – и после при ставок
о_душина;т,д;3.7.4 Правописание приставок. Буквы ы – и после при ставок
пр_ласкать;и,ы,е;3.7.4 Правописание приставок. Буквы ы – и после при ставок
на_ломленный;д,т;3.7.4 Правописание приставок. Буквы ы – и после при ставок
ра_порядок;с,з,ск;3.7.4 Правописание приставок. Буквы ы – и после при ставок
вн_атмосферный;е,и,ы;3.7.4 Правописание приставок. Буквы ы – и после при ставок
с_естной;ъ,ь;3.7.4 Правописание приставок. Буквы ы – и после при ставок
бе_жалостный;з,с;3.7.4 Правописание приставок. Буквы ы – и после при ставок
пас_янс;ь,ъ;3.7.4 Правописание приставок. Буквы ы – и после при ставок
арх_важный;и,ы,е;3.7.4 Правописание приставок. Буквы ы – и после при ставок
на_ломиться;д,т;3.7.4 Правописание приставок. Буквы ы – и после при ставок
пр_горелый;и,ы,е;3.7.4 Правописание приставок. Буквы ы – и после при ставок
небез_звестный;ы,и;3.7.4 Правописание приставок. Буквы ы – и после при ставок
из_сканный;ы,и;3.7.4 Правописание приставок. Буквы ы – и после при ставок
от_грать;ы,и;3.7.4 Правописание приставок. Буквы ы – и после при ставок
не_держанный;с,з,ск;3.7.4 Правописание приставок. Буквы ы – и после при ставок
сверх_зысканный;и,ы,е;3.7.4 Правописание приставок. Буквы ы – и после при ставок
о_брасывать;т,д;3.7.4 Правописание приставок. Буквы ы – и после при ставок
в_едливый;ъ,ь;3.7.4 Правописание приставок. Буквы ы – и после при ставок
пред_юбилейный;ъ,ь;3.7.4 Правописание приставок. Буквы ы – и после при ставок
без_нтересный;ы,и;3.7.4 Правописание приставок. Буквы ы – и после при ставок
нен_глядный;а,о,ё,я;3.7.4 Правописание приставок. Буквы ы – и после при ставок
пр_увеличить;е,и,ы;3.7.4 Правописание приставок. Буквы ы – и после при ставок
ра_ширить;с,з,ск;3.7.4 Правописание приставок. Буквы ы – и после при ставок
пред_дущий;ы,и;3.7.4 Правописание приставок. Буквы ы – и после при ставок
пр_спокойно;е,и,ы;3.7.4 Правописание приставок. Буквы ы – и после при ставок
без_скусный;ы,и;3.7.4 Правописание приставок. Буквы ы – и после при ставок
в_зместить;о,а,ё,ы;3.7.4 Правописание приставок. Буквы ы – и после при ставок
ра_торгнуть;с,з,ск;3.7.4 Правописание приставок. Буквы ы – и после при ставок
от_грывать;ы,и;3.7.4 Правописание приставок. Буквы ы – и после при ставок
о_звук;т,д;3.7.4 Правописание приставок. Буквы ы – и после при ставок
под_язычный;ъ,ь;3.7.4 Правописание приставок. Буквы ы – и после при ставок
и_коверкать;с,з,ск;3.7.4 Правописание приставок. Буквы ы – и после при ставок
пре_писание;д,т;3.7.4 Правописание приставок. Буквы ы – и после при ставок
необ_ятный;ъ,ь;3.7.4 Правописание приставок. Буквы ы – и после при ставок
бе_перспективный;с,з,ск;3.7.4 Правописание приставок. Буквы ы – и после при ставок
раз_ём;ъ,ь;3.7.4 Правописание приставок. Буквы ы – и после при ставок
кар_ера;ь,ъ;3.7.4 Правописание приставок. Буквы ы – и после при ставок
пр_щуриться;и,ы,е;3.7.4 Правописание приставок. Буквы ы – и после при ставок
суб_ект;ъ,ь;3.7.4 Правописание приставок. Буквы ы – и после при ставок
ра_шевелить;с,з,ск;3.7.4 Правописание приставок. Буквы ы – и после при ставок
пр_исполненный;е,и,ы;3.7.4 Правописание приставок. Буквы ы – и после при ставок
ра_средоточивать;с,з,ск;3.7.4 Правописание приставок. Буквы ы – и после при ставок
не_держанность;с,з,ск;3.7.4 Правописание приставок. Буквы ы – и после при ставок
п_дбодрить;о,а,ё,ы;3.7.4 Правописание приставок. Буквы ы – и после при ставок
об_льстить;о,а,ё,ы;3.7.4 Правописание приставок. Буквы ы – и после при ставок
пред_нфарктный;ы,и;3.7.4 Правописание приставок. Буквы ы – и после при ставок
пр_обретение;и,ы,е;3.7.4 Правописание приставок. Буквы ы – и после при ставок
пр_шелец;и,ы,е;3.7.4 Правописание приставок. Буквы ы – и после при ставок
с_переживание;о,а,ё,ы;3.7.4 Правописание приставок. Буквы ы – и после при ставок
пост_ндустриальный;и,ы,е;3.7.4 Правописание приставок. Буквы ы – и после при ставок
пре_полагать;д,т;3.7.4 Правописание приставок. Буквы ы – и после при ставок
з_ход;а,о,ё,я;3.7.4 Правописание приставок. Буквы ы – и после при ставок
п_играть;о,а,ё,ы;3.7.4 Правописание приставок. Буквы ы – и после при ставок
пед_нститут;и,ы,е;3.7.4 Правописание приставок. Буквы ы – и после при ставок
вз_ерошенный;ъ,ь;3.7.4 Правописание приставок. Буквы ы – и после при ставок
п_знавательный;о,а,ё,ы;3.7.4 Правописание приставок. Буквы ы – и после при ставок
н_илучший;а,о,ё,я;3.7.4 Правописание приставок. Буквы ы – и после при ставок
з_рисовка;а,о,ё,я;3.7.4 Правописание приставок. Буквы ы – и после при ставок
без_ндукционный;ы,и;3.7.4 Правописание приставок. Буквы ы – и после при ставок
пр_неприятный;е,и,ы;3.7.4 Правописание приставок. Буквы ы – и после при ставок
ни_послать;с,з,ск;3.7.4 Правописание приставок. Буквы ы – и после при ставок
воз_меть;ы,и;3.7.4 Правописание приставок. Буквы ы – и после при ставок
гнездов_е;ь,ъ;3.7.4 Правописание приставок. Буквы ы – и после при ставок
прои_шествие;с,з,ск;3.7.4 Правописание приставок. Буквы ы – и после при ставок
бе_вестный;з,с;3.7.4 Правописание приставок. Буквы ы – и после при ставок
бе_человечный;с,з,ск;3.7.4 Правописание приставок. Буквы ы – и после при ставок
и_сякнуть;с,з,ск;3.7.4 Правописание приставок. Буквы ы – и после при ставок
бе_граничный;з,с;3.7.4 Правописание приставок. Буквы ы – и после при ставок
пр_дсказать;е,и,ы;3.7.4 Правописание приставок. Буквы ы – и после при ставок
раз_грать;ы,и;3.7.4 Правописание приставок. Буквы ы – и после при ставок
и_пугать;с,з,ск;3.7.4 Правописание приставок. Буквы ы – и после при ставок
на_кусить;д,т;3.7.4 Правописание приставок. Буквы ы – и после при ставок
с_рвать;о,а,ё,ы;3.7.4 Правописание приставок. Буквы ы – и после при ставок
п_дпустить;о,а,ё,ы;3.7.4 Правописание приставок. Буквы ы – и после при ставок
р_зыскать;а,о,ё,я;3.7.4 Правописание приставок. Буквы ы – и после при ставок
ра_мешать;з,с;3.7.4 Правописание приставок. Буквы ы – и после при ставок
р_спорядиться;а,о,ё,я;3.7.4 Правописание приставок. Буквы ы – и после при ставок
и_черченный;с,з,ск;3.7.4 Правописание приставок. Буквы ы – и после при ставок
ра_щедриться;с,з,ск;3.7.4 Правописание приставок. Буквы ы – и после при ставок
не_хватный;о,а,ё,ы;3.7.4 Правописание приставок. Буквы ы – и после при ставок
пре_пусковой;д,т;3.7.4 Правописание приставок. Буквы ы – и после при ставок
о_дежурить;т,д;3.7.4 Правописание приставок. Буквы ы – и после при ставок
пр_вращение;е,и,ы;3.7.4 Правописание приставок. Буквы ы – и после при ставок
двух_ярусный;ъ,ь;3.7.4 Правописание приставок. Буквы ы – и после при ставок
вороб_иный;ь,ъ;3.7.4 Правописание приставок. Буквы ы – и после при ставок
арх_опасный;и,ы,е;3.7.4 Правописание приставок. Буквы ы – и после при ставок
по_сковик;и,ы,е;3.7.4 Правописание приставок. Буквы ы – и после при ставок
от_граться;ы,и;3.7.4 Правописание приставок. Буквы ы – и после при ставок
и_пуг;с,з,ск;3.7.4 Правописание приставок. Буквы ы – и после при ставок
бе_порядочный;с,з,ск;3.7.4 Правописание приставок. Буквы ы – и после при ставок
ра_писание;с,з,ск;3.7.4 Правописание приставок. Буквы ы – и после при ставок
ни_посланный;с,з,ск;3.7.4 Правописание приставок. Буквы ы – и после при ставок
непр_годный;и,ы,е;3.7.4 Правописание приставок. Буквы ы – и после при ставок
с_гласие;о,а,ё,ы;3.7.4 Правописание приставок. Буквы ы – и после при ставок
и_колесить;с,з,ск;3.7.4 Правописание приставок. Буквы ы – и после при ставок
бе_дельник;з,с;3.7.4 Правописание приставок. Буквы ы – и после при ставок
на_почечник;д,т;3.7.4 Правописание приставок. Буквы ы – и после при ставок
бе_болезненно;з,с;3.7.4 Правописание приставок. Буквы ы – и после при ставок
ра_сеять;с,з,ск;3.7.4 Правописание приставок. Буквы ы – и после при ставок
пр_волье;и,ы,е;3.7.4 Правописание приставок. Буквы ы – и после при ставок
и_порченный;с,з,ск;3.7.4 Правописание приставок. Буквы ы – и после при ставок
мирово_зрение;з,с;3.7.4 Правописание приставок. Буквы ы – и после при ставок
з_ночевать;а,о,ё,я;3.7.4 Правописание приставок. Буквы ы – и после при ставок
пр_волжский;и,ы,е;3.7.4 Правописание приставок. Буквы ы – и после при ставок
з_певала;а,о,ё,я;3.7.4 Правописание приставок. Буквы ы – и после при ставок
пр_чудливый;и,ы,е;3.7.4 Правописание приставок. Буквы ы – и после при ставок
сверх_нтересный;и,ы,е;3.7.4 Правописание приставок. Буквы ы – и после при ставок
д_монтаж;е,и,ы;3.7.4 Правописание приставок. Буквы ы – и после при ставок
пр_остановить;и,ы,е;3.7.4 Правописание приставок. Буквы ы – и после при ставок
и_бавиться;з,с;3.7.4 Правописание приставок. Буквы ы – и после при ставок
пр_изойти;о,а,ё,ы;3.7.4 Правописание приставок. Буквы ы – и после при ставок
пост_мпрессионизм;и,ы,е;3.7.4 Правописание приставок. Буквы ы – и после при ставок
ра_чищенный;с,з,ск;3.7.4 Правописание приставок. Буквы ы – и после при ставок
пр_стройка;и,ы,е;3.7.4 Правописание приставок. Буквы ы – и после при ставок
пр_школьный;и,ы,е;3.7.4 Правописание приставок. Буквы ы – и после при ставок
пр_терпеться;и,ы,е;3.7.4 Правописание приставок. Буквы ы – и после при ставок
в_плотить;о,а,ё,ы;3.7.4 Правописание приставок. Буквы ы – и после при ставок
бе_принципный;с,з,ск;3.7.4 Правописание приставок. Буквы ы – и после при ставок
по_солнечник;д,т;3.7.4 Правописание приставок. Буквы ы – и после при ставок
бе_компромиссный;с,з,ск;3.7.4 Правописание приставок. Буквы ы – и после при ставок
за_нтересовать;и,ы,е;3.7.4 Правописание приставок. Буквы ы – и после при ставок
и_траченный;с,з,ск;3.7.4 Правописание приставок. Буквы ы – и после при ставок
пр_озёрный;и,ы,е;3.7.4 Правописание приставок. Буквы ы – и после при ставок
сверх_естественный;ъ,ь;3.7.4 Правописание приставок. Буквы ы – и после при ставок
п_переменно;о,а,ё,ы;3.7.4 Правописание приставок. Буквы ы – и после при ставок
в_юнок;ь,ъ;3.7.4 Правописание приставок. Буквы ы – и после при ставок
бе_земельный;з,с;3.7.4 Правописание приставок. Буквы ы – и после при ставок
пр_бавление;и,ы,е;3.7.4 Правописание приставок. Буквы ы – и после при ставок
с_ёмщик;ъ,ь;3.7.4 Правописание приставок. Буквы ы – и после при ставок
с_митировать;ы,и;3.7.4 Правописание приставок. Буквы ы – и после при ставок
мед_нститут;и,ы,е;3.7.4 Правописание приставок. Буквы ы – и после при ставок
ра_делка;з,с;3.7.4 Правописание приставок. Буквы ы – и после при ставок
не_тъемлемый;о,а,ё,ы;3.7.4 Правописание приставок. Буквы ы – и после при ставок
пр_образ;о,а,ё,ы;3.7.4 Правописание приставок. Буквы ы – и после при ставок
в_рыхлить;з,с;3.7.4 Правописание приставок. Буквы ы – и после при ставок
о_благодарить;т,д;3.7.4 Правописание приставок. Буквы ы – и после при ставок
ра_колоть;с,з,ск;3.7.4 Правописание приставок. Буквы ы – и после при ставок
без_нициативный;ы,и;3.7.4 Правописание приставок. Буквы ы – и после при ставок
чере_чур;с,з,ск;3.7.4 Правописание приставок. Буквы ы – и после при ставок
пред_явитель;ъ,ь;3.7.4 Правописание приставок. Буквы ы – и после при ставок
бе_болезненный;з,с;3.7.4 Правописание приставок. Буквы ы – и после при ставок
под_тожить;ы,и;3.7.4 Правописание приставок. Буквы ы – и после при ставок
о_бой;т,д;3.7.4 Правописание приставок. Буквы ы – и после при ставок
застр_вать;е,и,ы;3.7.5 Правописание суффиксов
суч_к;о,а,ё,ы;3.7.5 Правописание суффиксов
реш_нный;ё,о,а,я;3.7.5 Правописание суффиксов
ноч_вка;ё,о,а,я;3.7.5 Правописание суффиксов
ненавид_мый;и,ы,е;3.7.5 Правописание суффиксов
запот_вать;е,и,ы;3.7.5 Правописание суффиксов
гречн_вый;е,и,ы;3.7.5 Правописание суффиксов
прослуш_нный;а,о,ё,я;3.7.5 Правописание суффиксов
заботл_вый;и,ы,е;3.7.5 Правописание суффиксов
руч_нка;о,а,ё,ы;3.7.5 Правописание суффиксов
разбавл_нный;е,и,ы;3.7.5 Правописание суффиксов
стел_щийся;ю,у;3.7.5 Правописание суффиксов
берест_ной;я,е,а,о;3.7.5 Правописание суффиксов
кали_вый;е,и,ы;3.7.5 Правописание суффиксов
немину_мый;е,и,ы;3.7.5 Правописание суффиксов
разборч_вый;и,ы,е;3.7.5 Правописание суффиксов
насмешл_вый;и,ы,е;3.7.5 Правописание суффиксов
уклонч_вый;и,ы,е;3.7.5 Правописание суффиксов
звоноч_к;е,и,ы;3.7.5 Правописание суффиксов
бор_щийся;ю,у;3.7.5 Правописание суффиксов
недолюбл_вать;и,ы,е;3.7.5 Правописание суффиксов
кавказ_кий;с,з,ск;3.7.5 Правописание суффиксов
эмал_вый;е,и,ы;3.7.5 Правописание суффиксов
миндал_вый;е,и,ы;3.7.5 Правописание суффиксов
клетч_тый;а,о,ё,я;3.7.5 Правописание суффиксов
вид_мый;и,ы,е;3.7.5 Правописание суффиксов
завлад_вать;е,и,ы;3.7.5 Правописание суффиксов
дымч_тый;а,о,ё,я;3.7.5 Правописание суффиксов
доверч_вый;и,ы,е;3.7.5 Правописание суффиксов
щавел_вый;е,и,ы;3.7.5 Правописание суффиксов
ожида_мый;е,и,ы;3.7.5 Правописание суффиксов
независ_мый;и,ы,е;3.7.5 Правописание суффиксов
заносч_вый;и,ы,е;3.7.5 Правописание суффиксов
светл_нький;е,и,ы;3.7.5 Правописание суффиксов
француз_кий;с,з,ск;3.7.5 Правописание суффиксов
изменч_вость;и,ы,е;3.7.5 Правописание суффиксов
претерп_вать;е,и,ы;3.7.5 Правописание суффиксов
издавн_;а,о,ё,я;3.7.5 Правописание суффиксов
повизг_вать;и,ы,е;3.7.5 Правописание суффиксов
опрометч_вость;и,ы,е;3.7.5 Правописание суффиксов
повенч_нный;а,о,ё,я;3.7.5 Правописание суффиксов
взлеле_нный;я,е,а,о;3.7.5 Правописание суффиксов
бесед_вать;о,а,ё,ы;3.7.5 Правописание суффиксов
увид_нный;е,и,ы;3.7.5 Правописание суффиксов
овлад_вать;е,и,ы;3.7.5 Правописание суффиксов
сначал_;а,о,ё,я;3.7.5 Правописание суффиксов
вороч_ться;а,о,ё,я;3.7.5 Правописание суффиксов
луков_ца;и,ы,е;3.7.5 Правописание суффиксов
обиж_нный;е,и,ы;3.7.5 Правописание суффиксов
горош_нка;и,ы,е;3.7.5 Правописание суффиксов
спорщ_к;и,ы,е;3.7.5 Правописание суффиксов
гор_вать;е,и,ы;3.7.5 Правописание суффиксов
обустра_ваться;и,ы,е;3.7.5 Правописание суффиксов
изворотл_вый;и,ы,е;3.7.5 Правописание суффиксов
сердц_вина;е,и,ы;3.7.5 Правописание суффиксов
насла_ваться;и,ы,е;3.7.5 Правописание суффиксов
непоседл_вый;и,ы,е;3.7.5 Правописание суффиксов
невид_мый;и,ы,е;3.7.5 Правописание суффиксов
смаз_ик;ч,щ;3.7.5 Правописание суффиксов
алюмини_вый;е,и,ы;3.7.5 Правописание суффиксов
въедл_вый;и,ы,е;3.7.5 Правописание суффиксов
глянц_вый;е,и,ы;3.7.5 Правописание суффиксов
накрепк_;о,а,ё,ы;3.7.5 Правописание суффиксов
замш_вый;е,и,ы;3.7.5 Правописание суффиксов
обнаруж_нный;е,и,ы;3.7.5 Правописание суффиксов
стар_нький;е,и,ы;3.7.5 Правописание суффиксов
молод_нький;е,и,ы;3.7.5 Правописание суффиксов
медвед_ца;и,ы,е;3.7.5 Правописание суффиксов
намер_ваться;е,и,ы;3.7.5 Правописание суффиксов
свар_ик;щ,ч;3.7.5 Правописание суффиксов
вывеш_вать;и,ы,е;3.7.5 Правописание суффиксов
пугов_ца;и,ы,е;3.7.5 Правописание суффиксов
потрач_нный;е,и,ы;3.7.5 Правописание суффиксов
незыбл_мый;е,и,ы;3.7.5 Правописание суффиксов
потреб_вать;о,а,ё,ы;3.7.5 Правописание суффиксов
обид_ться;е,и,ы;3.7.5 Правописание суффиксов
весёл_нький;е,и,ы;3.7.5 Правописание суффиксов
неряшл_во;и,ы,е;3.7.5 Правописание суффиксов
преподават_ль;е,и,ы;3.7.5 Правописание суффиксов
наде_щийся;ю,у;3.7.5 Правописание суффиксов
слыш_мый;и,ы,е;3.7.5 Правописание суффиксов
усидч_вый;и,ы,е;3.7.5 Правописание суффиксов
неприветл_вый;и,ы,е;3.7.5 Правописание суффиксов
переменч_вый;и,ы,е;3.7.5 Правописание суффиксов
животрепещ_щий;у,ю;3.7.5 Правописание суффиксов
швед_кий;с,з,ск;3.7.5 Правописание суффиксов
недоум_вать;е,и,ы;3.7.5 Правописание суффиксов
свет_кий;с,з,ск;3.7.5 Правописание суффиксов
остр_нький;е,и,ы;3.7.5 Правописание суффиксов
одол_вать;е,и,ы;3.7.5 Правописание суффиксов
черешн_вый;е,и,ы;3.7.5 Правописание суффиксов
обнаруж_вать;и,ы,е;3.7.5 Правописание суффиксов
сетч_тый;а,о,ё,я;3.7.5 Правописание суффиксов
программир_вать;о,а,ё,ы;3.7.5 Правописание суффиксов
затм_вать;е,и,ы;3.7.5 Правописание суффиксов
задумч_вый;и,ы,е;3.7.5 Правописание суффиксов
расцвеч_нный;е,и,ы;3.7.5 Правописание суффиксов
закле_нный;е,и,ы;3.7.5 Правописание суффиксов
улыбч_вый;и,ы,е;3.7.5 Правописание суффиксов
неопису_мый;е,и,ы;3.7.5 Правописание суффиксов
размеж_ваться;е,и,ы;3.7.5 Правописание суффиксов
неуживч_вый;и,ы,е;3.7.5 Правописание суффиксов
назойл_вый;и,ы,е;3.7.5 Правописание суффиксов
сладк_ватый;о,а,ё,ы;3.7.5 Правописание суффиксов
милост_вый;и,ы,е;3.7.5 Правописание суффиксов
ткан_вый;е,и,ы;3.7.5 Правописание суффиксов
сирен_вый;е,и,ы;3.7.5 Правописание суффиксов
скле_нный;е,и,ы;3.7.5 Правописание суффиксов
перестро_нный;е,и,ы;3.7.5 Правописание суффиксов
воодуш_вить;е,и,ы;3.7.5 Правописание суффиксов
толщ_на;и,ы,е;3.7.5 Правописание суффиксов
кварц_вый;е,и,ы;3.7.5 Правописание суффиксов
рождеств_нский;е,и,ы;3.7.5 Правописание суффиксов
кресл_це;и,ы,е;3.7.5 Правописание суффиксов
дремл_щий;ю,у;3.7.5 Правописание суффиксов
охраня_мый;е,и,ы;3.7.5 Правописание суффиксов
питом_ц;е,и,ы;3.7.5 Правописание суффиксов
подароч_к;е,и,ы;3.7.5 Правописание суффиксов
крас_щийся;я,е,а,о;3.7.5 Правописание суффиксов
масл_це;и,ы,е;3.7.5 Правописание суффиксов
обеспеч_вать;и,ы,е;3.7.5 Правописание суффиксов
вытащ_нный;е,и,ы;3.7.5 Правописание суффиксов
посме_ваться;и,ы,е;3.7.5 Правописание суффиксов
талантл_вый;и,ы,е;3.7.5 Правописание суффиксов
сахарн_ца;и,ы,е;3.7.5 Правописание суффиксов
обеспеч_нный;е,и,ы;3.7.5 Правописание суффиксов
брош_нный;е,и,ы;3.7.5 Правописание суффиксов
сирен_ватый;е,и,ы;3.7.5 Правописание суффиксов
рул_вой;е,и,ы;3.7.5 Правописание суффиксов
нищ_нский;е,и,ы;3.7.5 Правописание суффиксов
колебл_мый;е,и,ы;3.7.5 Правописание суффиксов
продл_вать;е,и,ы;3.7.5 Правописание суффиксов
плать_це;и,ы,е;3.7.5 Правописание суффиксов
подкле_нный;е,и,ы;3.7.5 Правописание суффиксов
купл_нный;е,и,ы;3.7.5 Правописание суффиксов
попроб_вать;о,а,ё,ы;3.7.5 Правописание суффиксов
выносл_вый;и,ы,е;3.7.5 Правописание суффиксов
завид_вать;о,а,ё,ы;3.7.5 Правописание суффиксов
выздоравл_вать;и,ы,е;3.7.5 Правописание суффиксов
движ_щийся;у,ю;3.7.5 Правописание суффиксов
карманч_к;и,ы,е;3.7.5 Правописание суффиксов
украш_нный;е,и,ы;3.7.5 Правописание суффиксов
магни_вый;е,и,ы;3.7.5 Правописание суффиксов
рассчит_вать;ы,и;3.7.5 Правописание суффиксов
рубаш_чный;е,и,ы;3.7.5 Правописание суффиксов
боч_нок;о,а,ё,ы;3.7.5 Правописание суффиксов
налаж_вать;и,ы,е;3.7.5 Правописание суффиксов
парч_вый;о,а,ё,ы;3.7.5 Правописание суффиксов
вдумч_вый;и,ы,е;3.7.5 Правописание суффиксов
нищ_та;е,и,ы;3.7.5 Правописание суффиксов
завистл_вый;и,ы,е;3.7.5 Правописание суффиксов
отрасл_вой;е,и,ы;3.7.5 Правописание суффиксов
дружоч_к;е,и,ы;3.7.5 Правописание суффиксов
переплёт_ик;ч,щ;3.7.5 Правописание суффиксов
засветл_;о,а,ё,ы;3.7.5 Правописание суффиксов
врем_чко;е,и,ы;3.7.5 Правописание суффиксов
завис_мый;и,ы,е;3.7.5 Правописание суффиксов
крюч_к;о,а,ё,ы;3.7.5 Правописание суффиксов
сверка_щий;ю,у;3.7.5 Правописание суффиксов
яблон_вый;е,и,ы;3.7.5 Правописание суффиксов
расплывч_тый;а,о,ё,я;3.7.5 Правописание суффиксов
матрос_кий;с,з,ск;3.7.5 Правописание суффиксов
исслед_вать;о,а,ё,ы;3.7.5 Правописание суффиксов
несгиба_мый;е,и,ы;3.7.5 Правописание суффиксов
аплодир_вать;о,а,ё,ы;3.7.5 Правописание суффиксов
осмысл_нный;е,и,ы;3.7.5 Правописание суффиксов
фасол_вый;е,и,ы;3.7.5 Правописание суффиксов
распущ_нный;е,и,ы;3.7.5 Правописание суффиксов
огранич_нный;е,и,ы;3.7.5 Правописание суффиксов
вити_ватый;е,и,ы;3.7.5 Правописание суффиксов
ландыш_вый;е,и,ы;3.7.5 Правописание суффиксов
натри_вый;е,и,ы;3.7.5 Правописание суффиксов
высуш_нный;е,и,ы;3.7.5 Правописание суффиксов
ноздр_ватый;е,и,ы;3.7.5 Правописание суффиксов
привередл_вый;и,ы,е;3.7.5 Правописание суффиксов
син_ватый;е,и,ы;3.7.5 Правописание суффиксов
определя_мый;е,и,ы;3.7.5 Правописание суффиксов
никел_вый;е,и,ы;3.7.5 Правописание суффиксов
варень_це;и,ы,е;3.7.5 Правописание суффиксов
муч_ться;и,ы,е;3.7.5 Правописание суффиксов
провер_нный;е,и,ы;3.7.5 Правописание суффиксов
подта_вший;я,е,а,о;3.7.5 Правописание суффиксов
девч_нка;о,а,ё,ы;3.7.5 Правописание суффиксов
подстриж_нный;е,и,ы;3.7.5 Правописание суффиксов
незабыва_мый;е,и,ы;3.7.5 Правописание суффиксов
незнач_щий;а,о,ё,я;3.7.5 Правописание суффиксов
затверд_вать;е,и,ы;3.7.5 Правописание суффиксов
засе_нный;я,е,а,о;3.7.5 Правописание суффиксов
тащ_щий;а,о,ё,я;3.7.5 Правописание суффиксов
движ_мый;и,ы,е;3.7.5 Правописание суффиксов
устра_вать;и,ы,е;3.7.5 Правописание суффиксов
расчётл_вый;и,ы,е;3.7.5 Правописание суффиксов
ослаб_вать;е,и,ы;3.7.5 Правописание суффиксов
нож_вка;о,а,ё,ы;3.7.5 Правописание суффиксов
предприимч_вый;и,ы,е;3.7.5 Правописание суффиксов
подчёрк_вать;и,ы,е;3.7.5 Правописание суффиксов
англо-рус_кий;с,з,ск;3.7.5 Правописание суффиксов
завед_вать;о,а,ё,ы;3.7.5 Правописание суффиксов
раздум_вать;ы,и;3.7.5 Правописание суффиксов
кашл_ть;я,е,а,о;3.7.5 Правописание суффиксов
горош_к;е,и,ы;3.7.5 Правописание суффиксов
волшебн_ца;и,ы,е;3.7.5 Правописание суффиксов
скромн_нький;е,и,ы;3.7.5 Правописание суффиксов
отво_вать;е,и,ы;3.7.5 Правописание суффиксов
сызнов_;а,о,ё,я;3.7.5 Правописание суффиксов
кармаш_к;е,и,ы;3.7.5 Правописание суффиксов
шеств_вать;о,а,ё,ы;3.7.5 Правописание суффиксов
увенч_нный;а,о,ё,я;3.7.5 Правописание суффиксов
камыш_вый;о,а,ё,ы;3.7.5 Правописание суффиксов
довер_нный;е,и,ы;3.7.5 Правописание суффиксов
необита_мый;е,и,ы;3.7.5 Правописание суффиксов
беспоко_щийся;я,е,а,о;3.7.5 Правописание суффиксов
медвеж_нок;о,а,ё,ы;3.7.5 Правописание суффиксов
сброш_нный;е,и,ы;3.7.5 Правописание суффиксов
солом_нка;и,ы,е;3.7.5 Правописание суффиксов
ситц_вый;е,и,ы;3.7.5 Правописание суффиксов
глин_стый;и,ы,е;3.7.5 Правописание суффиксов
вежл_вый;и,ы,е;3.7.5 Правописание суффиксов
ненавид_мый;и,ы,е;3.7.8 Правописание окончаний имён существительных, имён прилагательных и глаголов
прослуш_нный;а,о,ё,я;3.7.8 Правописание окончаний имён существительных, имён прилагательных и глаголов
разбавл_нный;е,и,ы;3.7.8 Правописание окончаний имён существительных, имён прилагательных и глаголов
стел_щийся;ю,у;3.7.8 Правописание окончаний имён существительных, имён прилагательных и глаголов
немину_мый;е,и,ы;3.7.8 Правописание окончаний имён существительных, имён прилагательных и глаголов
бор_щийся;ю,у;3.7.8 Правописание окончаний имён существительных, имён прилагательных и глаголов
вид_мый;и,ы,е;3.7.8 Правописание окончаний имён существительных, имён прилагательных и глаголов
ожида_мый;е,и,ы;3.7.8 Правописание окончаний имён существительных, имён прилагательных и глаголов
независ_мый;и,ы,е;3.7.8 Правописание окончаний имён существительных, имён прилагательных и глаголов
повенч_нный;а,о,ё,я;3.7.8 Правописание окончаний имён существительных, имён прилагательных и глаголов
пилотиру_мый;е,и,ы;3.7.8 Правописание окончаний имён существительных, имён прилагательных и глаголов
взлеле_нный;я,е,а,о;3.7.8 Правописание окончаний имён существительных, имён прилагательных и глаголов
увид_нный;е,и,ы;3.7.8 Правописание окончаний имён существительных, имён прилагательных и глаголов
обиж_нный;е,и,ы;3.7.8 Правописание окончаний имён существительных, имён прилагательных и глаголов
муч_мый;и,ы,е;3.7.8 Правописание окончаний имён существительных, имён прилагательных и глаголов
невид_мый;и,ы,е;3.7.8 Правописание окончаний имён существительных, имён прилагательных и глаголов
обнаруж_нный;е,и,ы;3.7.8 Правописание окончаний имён существительных, имён прилагательных и глаголов
потрач_нный;е,и,ы;3.7.8 Правописание окончаний имён существительных, имён прилагательных и глаголов
незыбл_мый;е,и,ы;3.7.8 Правописание окончаний имён существительных, имён прилагательных и глаголов
наде_щийся;ю,у;3.7.8 Правописание окончаний имён существительных, имён прилагательных и глаголов
слыш_мый;и,ы,е;3.7.8 Правописание окончаний имён существительных, имён прилагательных и глаголов
предусмотр_нный;е,и,ы;3.7.8 Правописание окончаний имён существительных, имён прилагательных и глаголов
животрепещ_щий;у,ю;3.7.8 Правописание окончаний имён существительных, имён прилагательных и глаголов
рассе_нный;я,е,а,о;3.7.8 Правописание окончаний имён существительных, имён прилагательных и глаголов
расцвеч_нный;е,и,ы;3.7.8 Правописание окончаний имён существительных, имён прилагательных и глаголов
закле_нный;е,и,ы;3.7.8 Правописание окончаний имён существительных, имён прилагательных и глаголов
неопису_мый;е,и,ы;3.7.8 Правописание окончаний имён существительных, имён прилагательных и глаголов
скле_нный;е,и,ы;3.7.8 Правописание окончаний имён существительных, имён прилагательных и глаголов
перестро_нный;е,и,ы;3.7.8 Правописание окончаний имён существительных, имён прилагательных и глаголов
дремл_щий;ю,у;3.7.8 Правописание окончаний имён существительных, имён прилагательных и глаголов
охраня_мый;е,и,ы;3.7.8 Правописание окончаний имён существительных, имён прилагательных и глаголов
крас_щийся;я,е,а,о;3.7.8 Правописание окончаний имён существительных, имён прилагательных и глаголов
вытащ_нный;е,и,ы;3.7.8 Правописание окончаний имён существительных, имён прилагательных и глаголов
брош_нный;е,и,ы;3.7.8 Правописание окончаний имён существительных, имён прилагательных и глаголов
нищ_нский;е,и,ы;3.7.8 Правописание окончаний имён существительных, имён прилагательных и глаголов
колебл_мый;е,и,ы;3.7.8 Правописание окончаний имён существительных, имён прилагательных и глаголов
подкле_нный;е,и,ы;3.7.8 Правописание окончаний имён существительных, имён прилагательных и глаголов
получ_нный;е,и,ы;3.7.8 Правописание окончаний имён существительных, имён прилагательных и глаголов
купл_нный;е,и,ы;3.7.8 Правописание окончаний имён существительных, имён прилагательных и глаголов
движ_щийся;у,ю;3.7.8 Правописание окончаний имён существительных, имён прилагательных и глаголов
украш_нный;е,и,ы;3.7.8 Правописание окончаний имён существительных, имён прилагательных и глаголов
неприемл_мый;е,и,ы;3.7.8 Правописание окончаний имён существительных, имён прилагательных и глаголов
завис_мый;и,ы,е;3.7.8 Правописание окончаний имён существительных, имён прилагательных и глаголов
сверка_щий;ю,у;3.7.8 Правописание окончаний имён существительных, имён прилагательных и глаголов
несгиба_мый;е,и,ы;3.7.8 Правописание окончаний имён существительных, имён прилагательных и глаголов
осмысл_нный;е,и,ы;3.7.8 Правописание окончаний имён существительных, имён прилагательных и глаголов
распущ_нный;е,и,ы;3.7.8 Правописание окончаний имён существительных, имён прилагательных и глаголов
огранич_нный;е,и,ы;3.7.8 Правописание окончаний имён существительных, имён прилагательных и глаголов
высуш_нный;е,и,ы;3.7.8 Правописание окончаний имён существительных, имён прилагательных и глаголов
определя_мый;е,и,ы;3.7.8 Правописание окончаний имён существительных, имён прилагательных и глаголов
муч_ться;и,ы,е;3.7.8 Правописание окончаний имён существительных, имён прилагательных и глаголов
провер_нный;е,и,ы;3.7.8 Правописание окончаний имён существительных, имён прилагательных и глаголов
подта_вший;я,е,а,о;3.7.8 Правописание окончаний имён существительных, имён прилагательных и глаголов
подстриж_нный;е,и,ы;3.7.8 Правописание окончаний имён существительных, имён прилагательных и глаголов
незабыва_мый;е,и,ы;3.7.8 Правописание окончаний имён существительных, имён прилагательных и глаголов
незнач_щий;а,о,ё,я;3.7.8 Правописание окончаний имён существительных, имён прилагательных и глаголов
засе_нный;я,е,а,о;3.7.8 Правописание окончаний имён существительных, имён прилагательных и глаголов
тащ_щий;а,о,ё,я;3.7.8 Правописание окончаний имён существительных, имён прилагательных и глаголов
движ_мый;и,ы,е;3.7.8 Правописание окончаний имён существительных, имён прилагательных и глаголов
увенч_нный;а,о,ё,я;3.7.8 Правописание окончаний имён существительных, имён прилагательных и глаголов
довер_нный;е,и,ы;3.7.8 Правописание окончаний имён существительных, имён прилагательных и глаголов
необита_мый;е,и,ы;3.7.8 Правописание окончаний имён существительных, имён прилагательных и глаголов
беспоко_щийся;я,е,а,о;3.7.8 Правописание окончаний имён существительных, имён прилагательных и глаголов
сброш_нный;е,и,ы;3.7.8 Правописание окончаний имён существительных, имён прилагательных и глаголов
